--
-- PostgreSQL database dump
--

SET statement_timeout = 0;
SET lock_timeout = 0;
SET client_encoding = 'UTF8';
SET standard_conforming_strings = on;
SET check_function_bodies = false;
SET client_min_messages = warning;

--
-- Name: plpgsql; Type: EXTENSION; Schema: -; Owner: 
--

CREATE EXTENSION IF NOT EXISTS plpgsql WITH SCHEMA pg_catalog;


--
-- Name: EXTENSION plpgsql; Type: COMMENT; Schema: -; Owner: 
--

COMMENT ON EXTENSION plpgsql IS 'PL/pgSQL procedural language';


SET search_path = public, pg_catalog;

SET default_tablespace = '';

SET default_with_oids = false;

--
-- Name: arbiters; Type: TABLE; Schema: public; Owner: drbean; Tablespace: 
--

CREATE TABLE arbiters (
    id character varying(10) NOT NULL,
    name character varying(15) NOT NULL,
    password character varying(50) NOT NULL
);


ALTER TABLE arbiters OWNER TO drbean;

--
-- Name: firstrounds; Type: TABLE; Schema: public; Owner: drbean; Tablespace: 
--

CREATE TABLE firstrounds (
    tournament character varying(15) NOT NULL,
    player character varying(10) NOT NULL,
    firstround smallint NOT NULL
);


ALTER TABLE firstrounds OWNER TO drbean;

--
-- Name: floats; Type: TABLE; Schema: public; Owner: drbean; Tablespace: 
--

CREATE TABLE floats (
    tournament character varying(15) NOT NULL,
    player character varying(10) NOT NULL,
    "float" character varying(10),
    round smallint NOT NULL
);


ALTER TABLE floats OWNER TO drbean;

--
-- Name: leagues; Type: TABLE; Schema: public; Owner: drbean; Tablespace: 
--

CREATE TABLE leagues (
    id character varying(15) NOT NULL,
    name character varying(25) NOT NULL,
    field character varying(25) NOT NULL
);


ALTER TABLE leagues OWNER TO drbean;

--
-- Name: matches; Type: TABLE; Schema: public; Owner: drbean; Tablespace: 
--

CREATE TABLE matches (
    tournament character varying(15) NOT NULL,
    round smallint NOT NULL,
    pair smallint NOT NULL,
    white character varying(10) NOT NULL,
    black character varying(10) NOT NULL,
    "float" boolean NOT NULL,
    win character varying(10) NOT NULL,
    forfeit character varying(10) NOT NULL,
    tardy character varying(10) NOT NULL
);


ALTER TABLE matches OWNER TO drbean;

--
-- Name: members; Type: TABLE; Schema: public; Owner: drbean; Tablespace: 
--

CREATE TABLE members (
    tournament character varying(15) NOT NULL,
    player character varying(10) NOT NULL,
    absent boolean DEFAULT false NOT NULL,
    firstround smallint NOT NULL
);


ALTER TABLE members OWNER TO drbean;

--
-- Name: opponents; Type: TABLE; Schema: public; Owner: drbean; Tablespace: 
--

CREATE TABLE opponents (
    tournament character varying(15) NOT NULL,
    player character varying(10) NOT NULL,
    opponent character varying(15) NOT NULL,
    round smallint NOT NULL
);


ALTER TABLE opponents OWNER TO drbean;

--
-- Name: pairingnumbers; Type: TABLE; Schema: public; Owner: drbean; Tablespace: 
--

CREATE TABLE pairingnumbers (
    tournament character varying(15) NOT NULL,
    player character varying(10) NOT NULL,
    value smallint NOT NULL
);


ALTER TABLE pairingnumbers OWNER TO drbean;

--
-- Name: players; Type: TABLE; Schema: public; Owner: drbean; Tablespace: 
--

CREATE TABLE players (
    id character varying(10) NOT NULL,
    name character varying(20) NOT NULL
);


ALTER TABLE players OWNER TO drbean;

--
-- Name: ratings; Type: TABLE; Schema: public; Owner: drbean; Tablespace: 
--

CREATE TABLE ratings (
    tournament character varying(15) NOT NULL,
    player character varying(10) NOT NULL,
    round smallint DEFAULT 0 NOT NULL,
    value smallint DEFAULT 0 NOT NULL
);


ALTER TABLE ratings OWNER TO drbean;

--
-- Name: roles; Type: TABLE; Schema: public; Owner: drbean; Tablespace: 
--

CREATE TABLE roles (
    tournament character varying(15) NOT NULL,
    player character varying(10) NOT NULL,
    role character varying(10) NOT NULL,
    round smallint NOT NULL
);


ALTER TABLE roles OWNER TO drbean;

--
-- Name: round; Type: TABLE; Schema: public; Owner: drbean; Tablespace: 
--

CREATE TABLE round (
    tournament character varying(15) NOT NULL,
    value smallint NOT NULL
);


ALTER TABLE round OWNER TO drbean;

--
-- Name: scores; Type: TABLE; Schema: public; Owner: drbean; Tablespace: 
--

CREATE TABLE scores (
    tournament character varying(15) NOT NULL,
    player character varying(10) NOT NULL,
    value smallint DEFAULT 0 NOT NULL
);


ALTER TABLE scores OWNER TO drbean;

--
-- Name: sessions; Type: TABLE; Schema: public; Owner: drbean; Tablespace: 
--

CREATE TABLE sessions (
    id character(72) NOT NULL,
    session_data character varying(7500),
    expires integer
);


ALTER TABLE sessions OWNER TO drbean;

--
-- Name: tournament; Type: TABLE; Schema: public; Owner: drbean; Tablespace: 
--

CREATE TABLE tournament (
    id character varying(15) NOT NULL,
    arbiter character varying(15) NOT NULL
);


ALTER TABLE tournament OWNER TO drbean;

--
-- Name: tournaments; Type: TABLE; Schema: public; Owner: drbean; Tablespace: 
--

CREATE TABLE tournaments (
    id character varying(15) NOT NULL,
    name character varying(15) NOT NULL,
    description character varying(100) NOT NULL,
    arbiter character varying(15) NOT NULL,
    rounds smallint
);


ALTER TABLE tournaments OWNER TO drbean;

--
-- Data for Name: arbiters; Type: TABLE DATA; Schema: public; Owner: drbean
--

COPY arbiters (id, name, password) FROM stdin;
193001	DrBean	ok
\.


--
-- Data for Name: firstrounds; Type: TABLE DATA; Schema: public; Owner: drbean
--

COPY firstrounds (tournament, player, firstround) FROM stdin;
\.


--
-- Data for Name: floats; Type: TABLE DATA; Schema: public; Owner: drbean
--

COPY floats (tournament, player, "float", round) FROM stdin;
\.


--
-- Data for Name: leagues; Type: TABLE DATA; Schema: public; Owner: drbean
--

COPY leagues (id, name, field) FROM stdin;
\.


--
-- Data for Name: matches; Type: TABLE DATA; Schema: public; Owner: drbean
--

COPY matches (tournament, round, pair, white, black, "float", win, forfeit, tardy) FROM stdin;
FLA0003	1	5	V0341031	Bye	t	White	None	White
FLA0003	1	3	V0341033	V0341022	f	Both	None	None
FLA0003	1	0	V0341025	V0341044	f	Both	None	Black
FLA0003	1	2	V0341024	V0341027	f	Both	None	None
FLA0003	1	1	V0341039	V0341036	f	Black	None	None
FLA0003	1	4	V0341034	V0341035	f	Black	None	None
FLA0013	1	0	V0241041	V0241004	f	Both	None	None
FLA0013	1	1	V0241045	V0241031	f	White	None	None
FLA0013	1	2	V0041008	V0241038	f	White	None	None
FLA0013	1	3	V0241034	V0241037	f	Both	None	None
FLA0013	1	4	V0241046	V0241032	f	Both	None	None
FLA0013	1	5	V0241029	V0241022	f	Both	None	None
FLA0013	1	6	V0241044	V0241001	f	Both	None	None
FLA0013	1	7	U0143020	V0241014	f	Both	None	None
FLA0013	1	8	V0241067	V0241017	f	Both	None	None
FLA0013	1	9	V0241042	V0241039	f	Both	None	None
MB2	1	0	N02202107	N03203103	f	Both	None	None
MB2	1	1	N04202109	N03200014	f	White	None	None
MB2	1	2	N03200022	N02203102	f	Black	None	None
MB2	1	3	N03200036	N03200027	f	White	None	None
MB2	1	4	N04202101	N02202111	f	White	None	None
FLA0019	3	0	V0241046	V0241038	t	Both	None	None
FLA0019	3	1	V0041042	V0241039	f	Both	None	None
FLA0019	3	2	V0241014	V0241045	f	White	None	None
FLA0019	3	3	V0241064	V0041008	t	White	None	None
FLA0019	3	4	V0241029	V0141001	f	Both	None	None
FLA0019	3	5	V0141062	V0241017	t	White	None	None
FLA0019	3	6	V0241067	V0241022	f	Black	None	None
FLA0019	3	7	V9941077	V0241004	f	Both	None	None
FLA0019	3	8	V0241041	V0241065	f	Black	None	None
FLA0019	1	6	V0241017	V0241001	f	Black	None	None
FLA0019	1	1	V0241038	V0241067	f	Both	None	None
FLA0019	1	4	V0241064	V0141001	f	Both	None	None
FLA0019	1	3	V0241029	V0241004	f	Both	None	None
MB2	1	5	N01200014	N03203104	f	White	None	None
MB2	1	6	N03200025	N03200001	f	Both	None	None
MB2	1	7	N03200008	N03200010	f	Both	None	None
FLA0013	2	0	V0241031	V0241038	f	White	None	None
FLA0013	2	1	V0241022	V0241034	f	White	None	None
FLA0019	1	2	V0241039	V0241034	f	Both	None	None
FLA0019	1	5	V0141062	V0241022	f	Both	None	None
FLA0019	1	7	V9941077	V0241065	f	Both	None	None
FLA0019	1	0	V0241041	V0041008	f	White	None	Black
FLA0003	2	1	V0341044	V0341021	f	Both	None	None
FLA0013	2	3	V0241014	V0241029	f	Black	None	None
FLA0013	2	4	V0241017	V0241046	f	Black	None	None
FLA0013	2	5	V0241032	V0241042	f	Both	None	None
FLA0013	2	6	V0241039	V0241067	f	White	None	None
FLA0013	2	7	V0241037	V0041008	t	White	None	None
FLA0013	2	8	V0241024	V0241045	f	White	None	None
FLA0013	2	9	V0241030	V0241066	f	Black	None	None
FLA0003	2	7	V0341037	Bye	t	White	None	None
FLA0003	2	3	V0341035	V0341024	f	Black	None	None
FLA0003	2	4	V0341036	V0341052	f	White	None	None
FLA0003	2	6	V0341022	V0341039	f	White	None	Both
FLA0003	2	5	V0341031	V0341051	f	Both	None	None
FLA0019	2	0	V0241045	V0041042	f	Both	None	None
FLA0019	2	1	V0041008	V0241017	t	Both	None	None
FLA0003	4	3	V0341019	V0499145	f	White	None	None
FLA0003	4	6	V0341001	V0341004	t	White	None	None
FLA0003	4	1	V0241008	V0141062	f	Black	None	None
FLA0019	2	3	V0141001	V9941077	f	Black	None	None
FLA0019	2	4	V0241022	V0241014	f	Both	None	None
FLA0019	2	5	V0241004	V0241064	f	White	None	None
FLA0019	2	6	V0241065	V0241046	f	White	None	None
FLA0019	2	7	V0241034	V0241029	f	White	None	None
FLA0019	2	8	V0241001	V0241041	f	Both	None	None
2L2	1	0	B03200037	B02200096	f	White	None	None
2L2	1	1	B03200023	B03200106	f	Both	None	None
2L2	1	2	B03200043	B03200068	f	White	None	None
2L2	1	3	B00230075	B03200056	f	Black	None	None
2L2	1	4	B02200046	B03200084	f	White	None	None
2L2	1	5	B03200102	B03200110	f	White	None	None
2L2	1	6	B02200094	B03200019	f	Both	None	None
2L2	1	7	B03200064	B03200005	f	White	None	None
2L2	1	8	B03200031	B03200078	f	Black	None	None
2L2	1	9	B03200092	B03192105	f	White	None	None
2L2	1	10	B02200064	B01130006	f	Black	None	None
2L2	1	11	B03200100	B03200027	f	White	None	None
2L2	1	12	B03200039	B03200015	f	Both	None	None
FLA0003	4	4	V0041066	V0341005	f	White	None	None
FLA0003	4	2	V0341012	V0341010	f	Both	None	None
FLA0003	4	5	V0341016	V0341011	f	White	None	None
FLA0013	2	2	V0241004	U0143020	f	Black	None	None
FLA0003	2	2	V0341027	V0341025	f	Both	None	None
FLA0019	2	2	V0241067	V0141062	f	Both	None	None
FLA0013	3	1	V0241001	V0241041	f	White	None	None
FLA0013	3	2	V0241066	V0241024	f	White	None	None
FLA0013	3	3	V0241038	V0241017	t	Both	None	None
FLA0013	3	4	V0241034	V0241004	f	Both	None	None
FLA0013	3	5	V0241067	V0241014	f	Black	None	None
FLA0013	3	6	V0041008	V0241032	f	Black	None	None
FLA0013	3	7	V0241029	V0241031	t	Both	None	None
FLA0013	3	8	V0241046	V0241022	f	White	None	None
FLA0013	3	9	U0143020	V0241039	f	White	None	None
2L2	2	4	B03200019	B03200039	f	White	None	None
2L2	2	7	B03200011	B03200102	f	White	None	None
2L2	2	3	B03200005	B02200094	f	Black	None	None
2L2	2	0	B03200068	B03200078	f	Black	None	None
2L2	2	6	B03200052	B03200037	f	Both	None	None
FLA0013	3	0	V0241030	V0241044	t	Both	None	None
FLA0003	3	6	V0341004	V0341015	f	Both	None	Both
FLA0003	3	1	V0141062	V0041066	f	White	None	None
FLA0003	3	4	V0341011	V0341012	f	Black	None	None
FLA0003	3	2	V0241008	V0341001	f	White	None	None
FLA0003	3	5	V0341005	V0341003	f	White	None	Black
FLA0003	3	3	V0341016	V0499145	f	Black	None	None
MB2	2	6	N03203104	N03200036	f	Both	None	White
MB2	2	4	N03200004	N01200014	f	Both	None	None
MB2	2	3	N02203102	N02202107	t	White	None	None
MB2	2	5	N03200030	N04202101	f	Black	None	None
MB2	2	0	N03200027	100100100	t	Black	None	None
MB2	2	1	N02202111	N03200022	f	Both	None	None
2L2	2	9	B03200007	B03200106	t	White	None	None
2L2	2	8	B03200056	B03200043	f	White	None	None
2L2	2	1	B03192105	B03200027	t	White	None	None
2L2	3	12	B03200084	Bye	t	White	None	White
2L2	3	11	B03200078	B03200092	f	Both	None	None
2L2	3	1	B03200110	B00230075	f	Both	None	None
2L2	3	9	B02200094	B03192105	t	Both	None	None
2L2	2	2	B03200092	B03200031	f	White	None	None
MB2	2	2	N03203103	N03200025	f	Both	None	None
2L2	3	10	B03200102	B03200019	f	White	None	None
2L2	3	5	B03200064	B03200011	f	Both	None	None
2L2	3	7	B03200106	B03200005	f	White	None	None
2L2	3	4	B03200100	B03200007	t	White	None	None
2L2	3	0	B02200064	B03200027	t	White	None	Black
2L2	3	6	B03200031	B03200068	t	White	None	None
2L2	3	3	B03200015	B03200052	t	Both	None	None
2L2	3	8	B03200043	B03200039	t	Black	None	None
2L2	3	2	B02200096	B03200023	f	Black	None	None
MB2	3	0	N03200014	N03200030	f	White	None	None
MB2	3	1	N03203104	N03200008	f	Black	None	None
FLA0019	4	0	V0241046	Bye	t	White	None	None
FLA0019	4	1	V0241038	V0041042	f	Unknown	Unknown	Unknown
FLA0019	4	2	V0041008	V0241039	f	Unknown	Unknown	Unknown
FLA0019	4	3	V0241034	V0241001	f	Unknown	Unknown	Unknown
FLA0019	4	4	V0241017	V0241014	t	Unknown	Unknown	Unknown
FLA0019	4	5	V0241029	V0241067	t	Unknown	Unknown	Unknown
FLA0019	4	6	V0241004	V0141001	t	Unknown	Unknown	Unknown
FLA0019	4	7	V0241022	V9941077	f	Unknown	Unknown	Unknown
FLA0019	4	8	V0241065	V0141062	t	Unknown	Unknown	Unknown
MB2	3	2	N03200010	N03200004	f	Black	None	None
MB2	3	3	N03200001	N04202109	t	White	None	None
MB2	3	4	N02202107	N03200027	t	White	None	None
MB2	3	5	N03200025	N02202111	t	White	None	None
MB2	3	6	N01200014	N03203103	t	Both	None	None
MB2	3	7	N04202101	N02203102	f	Both	None	None
FLA0013	4	0	V0241041	V0241030	f	Black	None	None
FLA0013	4	1	V0241045	V0241044	f	Both	None	None
FLA0013	4	2	V0241042	V0241024	f	Both	None	None
FLA0013	4	3	V0241001	V0241037	f	Both	None	None
FLA0013	4	4	V0241066	V0241067	f	White	None	None
FLA0013	4	5	V0241017	V0241034	f	Both	None	None
FLA0013	4	6	V0241004	V0041008	f	White	None	None
FLA0013	4	7	V0241014	V0241022	f	Black	None	None
FLA0013	4	8	V0241032	V0241029	f	Black	None	None
FLA0013	4	9	U0143020	V0241046	f	Both	None	None
\.


--
-- Data for Name: members; Type: TABLE DATA; Schema: public; Owner: drbean
--

COPY members (tournament, player, absent, firstround) FROM stdin;
FLA0013	V0241024	f	0
FLA0013	V0241029	f	0
FLA0013	V0241030	f	0
FLA0013	V0241032	f	0
FLA0013	V0241042	f	0
FLA0013	V0241034	f	0
FLA0013	V0241044	f	0
FLA0013	V0241045	f	0
FLA0013	V0241046	f	0
FLA0013	V0241066	f	0
FLA0013	V0241067	f	0
FLA0013	V0041022	t	0
FLA0013	V0241031	t	0
FLA0013	V0241038	t	0
FLA0013	V0241039	t	0
FLA0013	U0143020	f	0
FLA0013	V0241037	f	0
FLA0021	V0141009	f	0
FLA0021	V0141003	f	0
FLA0021	V0141008	f	0
FLA0021	V0141011	f	0
FLA0021	V0141012	f	0
FLA0021	V0141016	f	0
FLA0021	V0141017	f	0
FLA0021	V0141018	f	0
FLA0021	V0141019	f	0
FLA0021	V0141021	f	0
FLA0021	V0141022	f	0
FLA0021	V0141023	f	0
FLA0021	V0141025	f	0
FLA0021	V0141026	f	0
FLA0021	V0141028	f	0
FLA0021	V0141029	f	0
FLA0021	V0141035	f	0
FLA0021	V0141036	f	0
FLA0021	V0141037	f	0
FLA0021	V0141038	f	0
FLA0021	V0141041	f	0
FLA0021	V0141046	f	0
FLA0021	V0141048	f	0
FLA0021	V0141049	f	0
FLA0021	V0141050	f	0
FLA0021	V0141051	f	0
FLA0021	V0141052	f	0
FLA0021	V0141053	f	0
FLA0021	V0141054	f	0
FLA0021	V0141055	f	0
FLA0021	V0141059	f	0
FLA0021	V0141060	f	0
FLA0021	V0141061	f	0
FLA0021	V9941077	f	0
2L2	B03200027	t	0
2L2	B03200037	t	0
2L2	B03200039	f	0
2L2	B03200043	f	0
2L2	B03200052	f	0
2L2	B03200056	t	0
2L2	B03200064	f	0
2L2	B03200068	f	0
2L2	B03200072	t	0
2L2	B03200078	f	0
2L2	B03200084	t	0
2L2	B03200092	f	0
2L2	B03200100	f	0
2L2	B03200102	f	0
2L2	B03200106	f	0
2L2	B03200110	f	0
2L2	B01130006	t	0
2L2	B02200046	t	0
2L2	B00230075	f	0
2L2	B02200094	f	0
2L2	B02200064	f	0
2L2	B03192105	f	0
2L2	B02200096	f	0
2L2	B03200007	f	0
2L2	B03200005	f	0
2L2	B03200015	f	0
2L2	B03200011	f	0
2L2	B03200023	f	0
FLA0019	V0241041	t	0
FLA0019	V0241022	f	0
MB2	N02203102	f	0
MB2	N03200004	f	0
MB2	N03200014	f	0
MB2	N03200022	t	0
MB2	N03200006	t	0
MB2	N03200008	f	0
MB2	N02202107	f	0
MB2	100100100	t	0
MB2	N03200025	f	0
MB2	N03200027	f	0
MB2	N03200030	f	0
MB2	N03200034	t	0
MB2	N03203103	f	0
MB2	N03200001	f	0
MB2	N04202107	t	0
MB2	N04202109	f	0
MB2	N02200025	t	0
MB2	N03203104	f	0
MB2	N02200047	t	0
MB2	N01200014	f	0
FLA0013	V0041008	f	0
FLA0013	V0241001	f	0
FLA0013	V0241004	f	0
FLA0013	V0241014	f	0
2L2	B03200019	f	0
FLA0013	V0241017	f	0
FLA0013	V0241022	f	0
FLA0013	V0241041	f	0
FLA0019	V0241029	f	0
FLA0019	V0241034	f	0
FLA0019	V0041042	f	0
FLA0019	V0141062	f	0
FLA0019	V9941077	f	0
FLA0019	V0241045	t	0
FLA0019	V0241014	f	0
FLA0019	V0241017	f	0
FLA0019	V0316060	t	0
FLA0019	V0241063	t	0
FLA0019	V0141001	f	0
FLA0019	V0241064	t	0
FLA0019	V0241065	f	0
FLA0019	V0041008	f	0
FLA0019	V0241067	f	0
FLA0019	V0241046	f	0
FLA0019	V0241001	f	0
FLA0019	V0241004	f	0
FLA0019	V0241038	f	0
FLA0019	V0241039	f	0
MB2	N03200010	f	0
MB2	N03200012	t	0
MB2	N02202111	f	0
MB2	N02202109	t	0
MB2	N03200036	t	0
MB2	N04202101	f	0
2L2	B03200031	f	0
FLA0003	V0341019	f	3
FLA0003	V0499145	f	3
FLA0003	V0041066	f	3
FLA0003	V0141062	f	3
FLA0003	V0141063	t	3
FLA0003	V0241008	f	3
FLA0003	V0341001	f	3
FLA0003	V0341003	f	3
FLA0003	V0341004	f	3
FLA0003	V0341005	f	3
FLA0003	V0341010	f	3
FLA0003	V0341011	f	3
FLA0003	V0341012	f	3
FLA0003	V0341013	t	3
FLA0003	V0341015	f	3
FLA0003	V0341016	f	3
FLA0003	V0341017	t	3
\.


--
-- Data for Name: opponents; Type: TABLE DATA; Schema: public; Owner: drbean
--

COPY opponents (tournament, player, opponent, round) FROM stdin;
\.


--
-- Data for Name: pairingnumbers; Type: TABLE DATA; Schema: public; Owner: drbean
--

COPY pairingnumbers (tournament, player, value) FROM stdin;
MB2	N04202107	26
FLA0003	V0341031	2
MB2	N02202111	10
MB2	N03200004	4
FLA0019	V0141001	17
MB2	N03200014	16
MB2	N03200022	11
FLA0003	V0041066	7
MB2	N03200036	18
FLA0019	V0241065	1
FLA0019	V0041008	20
FLA0019	V0041042	19
MB2	N04202101	3
FLA0019	V0241001	2
MB2	N03200006	15
FLA0019	V0241034	3
MB2	N03200008	2
FLA0019	V0241045	18
MB2	N03200025	8
FLA0013	V0041022	24
FLA0019	V0241017	16
MB2	N03200027	17
MB2	N04202109	14
MB2	N02200047	22
FLA0003	V0341036	6
FLA0003	V0341037	15
FLA0003	V0341039	11
FLA0003	V0341044	13
FLA0003	V0341046	16
FLA0003	V0341047	17
FLA0003	V0341051	1
FLA0003	V0341052	3
FLA0003	V0341021	14
FLA0003	V0341022	10
FLA0003	V0341024	4
FLA0003	V0341025	9
FLA0003	V0341027	5
FLA0003	V0341033	12
FLA0003	V0341034	8
FLA0003	V0341035	7
MB2	N03203104	13
MB2	N01200014	5
MB2	N03200010	19
MB2	N02202107	12
MB2	100100100	20
MB2	N02200025	25
MB2	N02202109	24
MB2	N03203103	9
FLA0019	V0316060	21
FLA0019	V0241063	22
2L2	B03200100	21
2L2	B03200102	6
2L2	B03200106	15
2L2	B03200110	28
2L2	B01130006	22
2L2	B02200046	29
2L2	B00230075	23
2L2	B02200094	12
2L2	B03200056	2
2L2	B03200064	4
2L2	B03200068	19
2L2	B03200078	10
2L2	B03200084	17
2L2	B03200011	1
2L2	B03200092	9
FLA0013	V0241031	18
FLA0013	V0241038	21
FLA0013	V0241039	8
FLA0013	U0143020	6
FLA0013	V0241037	2
FLA0013	V0041008	16
FLA0013	V0241001	7
FLA0003	V0141062	2
FLA0003	V0141063	16
FLA0003	V0241008	4
2L2	B03200072	30
FLA0003	V0341001	10
FLA0003	V0341003	14
FLA0003	V0341004	13
FLA0013	V0241004	22
FLA0013	V0241014	9
FLA0013	V0241017	20
FLA0013	V0241022	14
FLA0013	V0241041	17
FLA0013	V0241024	5
FLA0003	V0341005	9
FLA0003	V0341010	5
FLA0003	V0341011	11
FLA0003	V0341012	3
FLA0003	V0341013	15
FLA0003	V0341015	12
FLA0003	V0341016	8
FLA0003	V0341017	17
FLA0019	V0141062	5
FLA0013	V0241066	1
FLA0019	V9941077	11
FLA0019	V0241014	4
FLA0019	V0241067	14
FLA0019	V0241046	13
FLA0019	V0241064	9
FLA0019	V0241004	6
FLA0019	V0241041	15
FLA0019	V0241022	10
FLA0019	V0241029	12
FLA0019	V0241038	8
FLA0019	V0241039	7
MB2	N03200030	7
MB2	N02203102	6
MB2	N03200012	21
MB2	N03200034	23
2L2	B02200064	26
2L2	B03192105	16
2L2	B02200096	25
2L2	B03200007	3
2L2	B03200005	13
2L2	B03200015	27
2L2	B03200023	24
2L2	B03200019	5
2L2	B03200031	20
2L2	B03200027	18
2L2	B03200037	11
2L2	B03200039	14
2L2	B03200043	7
2L2	B03200052	8
FLA0013	V0241029	12
FLA0013	V0241030	10
FLA0013	V0241032	13
FLA0013	V0241042	11
FLA0013	V0241034	23
FLA0013	V0241044	15
FLA0013	V0241045	4
FLA0013	V0241046	3
FLA0013	V0241067	19
FLA0003	V0341019	6
FLA0003	V0499145	1
MB2	N03200001	1
\.


--
-- Data for Name: players; Type: TABLE DATA; Schema: public; Owner: drbean
--

COPY players (id, name) FROM stdin;
N04202101	Natasha
V0241031	Fiona
V0141026	Vicky
V0341022	Kiki
B03200039	Alice
V0241030	Irene
V0241044	Catherine
V0141017	Peter
U0143020	Andy2
V0241004	Jackie
V0141029	Kitty
B03200052	Lilian
V0241067	Jason
N03200004	Macaria
V0141022	Ula
V0341024	Bamboo
V0141003	Stephanie
V0241014	Josh
V0141008	Grace
B03200043	Tracy
V0141041	Sunny
N03200008	Beemo
N03200027	Orange
V0241042	Amber
N02202109	Amy
V0241029	Lily
V0341033	Antonio
V0141059	Ivy2
V0341034	Allen
V0241024	Abby
V0141011	ALin
V0241046	Chuck
B03200084	Eason
V0141048	Wynn
V0316060	Jessica
V0141046	Amber
V0341046	Ares
V0141021	Ivy1
V0241034	Nina
B03200011	Cindy2
V0041042	YuWen
N02203102	James
V0141049	Zoe
V0341044	Shelli
B03200027	Alison
V0241001	Joyce
V0341052	Tina
N03203104	Milly
V0341039	Tiffany
V0341047	Ramses
B00230075	Eva
V0341031	Andy
B03200056	Tina
B03200078	Mandy
V0141025	Vivi
V0141036	Sally
V0241038	Penny
V0241022	Cherry
N03200001	Ling
N04202107	張庭瑄
V0241041	Winnie
B03200064	Michael
V0241032	Nancy
V0141062	Karsten
N02200025	Daniel
100100100	Newsom
V0141037	Nora
V0141060	Owen
V0341035	Johnson
V0041008	Emily
N03200025	Danly
N03200034	Vicky
B03200005	Cindy1
V0141019	Louis
B03200110	Sharon
V0141016	Mark
V0241039	Janice
N03200022	Wilson
V0141028	Carol
B03200102	Dora
B02200046	Sylvia
B03200019	Demi
B02200096	YunChuan
N03200014	York
B02200094	Polly
V0141018	Anthony
V0341025	Wan
V0141055	Trista
V0241045	Sandy
V0341037	Jessie
V0141023	Sandy1
B03192105	Amy
N02202107	劉怡甄
B03200031	Cathy
V0041022	Angela
V0141051	Elena
B03200015	Jenny
V9941077	Joe
V0141061	Sam
B03200100	Kevin1
V0341036	Jennifer
N03200030	YoYo
B02200064	Amber
N02200047	Molly
V0341027	Leon
N03200012	Dawn
N03200036	Gary
B03200106	Harry
N03200010	Kris
V0241017	Andy1
N03200006	Kelly
B03200037	Irene
V0141012	Brian
V0141054	Lydia
V0141038	Jessica
V0341051	Gina
B03200023	Victoria
V0141053	Abby
V0241065	Ali
N02202111	Elvira
B03200092	Lulu
N03203103	Jeremy
V0241037	Ellie
V0141052	Sara
V0341021	Fanny
V0141009	Jimmy
B01130006	Kevin2
B03200068	Grace1
N01200014	Devon
V0241066	Tina
V0141050	Luna
N04202109	Jay
B03200072	Grace2
B03200007	Uee
V0141035	Jane
V0241063	Jay
V0141001	David
V0241064	Kevin
V0241008	Eric2
V0341016	Lori
V0341005	Toyz
V0341004	Eric
V0341015	Nora1
V0341010	Toby
V0341019	Lily
V0341017	Liz
V0341003	Tony
V0499145	Min
V0341012	Annie
V0341001	David1
V0341011	Winnie
V0141063	Joy2
V0341013	Amber1
V0041066	Danny
\.


--
-- Data for Name: ratings; Type: TABLE DATA; Schema: public; Owner: drbean
--

COPY ratings (tournament, player, round, value) FROM stdin;
MB2	N04202101	0	0
FLA0013	V0241031	0	0
FLA0021	V0141026	0	0
FLA0003	V0341022	0	0
2L2	B03200039	0	0
FLA0013	V0241030	0	0
FLA0013	V0241044	0	0
FLA0021	V0141017	0	0
FLA0013	U0143020	0	0
FLA0013	V0241004	0	0
FLA0021	V0141029	0	0
2L2	B03200052	0	0
FLA0013	V0241067	0	0
MB2	N03200004	0	0
FLA0021	V0141022	0	0
FLA0003	V0341024	0	0
FLA0021	V0141003	0	0
FLA0013	V0241014	0	0
FLA0021	V0141008	0	0
2L2	B03200043	0	0
FLA0021	V0141041	0	0
MB2	N03200008	0	0
MB2	N03200027	0	0
FLA0013	V0241042	0	0
MB2	N02202109	0	0
FLA0013	V0241029	0	0
FLA0003	V0341033	0	0
FLA0021	V0141059	0	0
FLA0003	V0341034	0	0
FLA0013	V0241024	0	0
FLA0021	V0141011	0	0
FLA0013	V0241046	0	0
2L2	B03200084	0	0
FLA0021	V0141048	0	0
FLA0019	V0316060	0	0
FLA0021	V0141046	0	0
FLA0003	V0341046	0	0
FLA0021	V0141021	0	0
FLA0013	V0241034	0	0
2L2	B03200011	0	0
FLA0019	V0041042	0	0
MB2	N02203102	0	0
FLA0021	V0141049	0	0
FLA0003	V0341044	0	0
2L2	B03200027	0	0
FLA0013	V0241001	0	0
FLA0003	V0341052	0	0
MB2	N03203104	0	0
FLA0003	V0341039	0	0
FLA0003	V0341047	0	0
2L2	B00230075	0	0
FLA0003	V0341031	0	0
2L2	B03200056	0	0
2L2	B03200078	0	0
FLA0021	V0141025	0	0
FLA0021	V0141036	0	0
FLA0013	V0241038	0	0
FLA0013	V0241022	0	0
MB2	N03200001	0	0
MB2	N04202107	0	0
FLA0013	V0241041	0	0
2L2	B03200064	0	0
FLA0013	V0241032	0	0
FLA0019	V0141062	0	0
MB2	N02200025	0	0
MB2	100100100	0	0
FLA0021	V0141037	0	0
FLA0021	V0141060	0	0
FLA0003	V0341035	0	0
FLA0013	V0041008	0	0
MB2	N03200025	0	0
MB2	N03200034	0	0
2L2	B03200005	0	0
FLA0021	V0141019	0	0
2L2	B03200110	0	0
FLA0021	V0141016	0	0
FLA0013	V0241039	0	0
MB2	N03200022	0	0
FLA0021	V0141028	0	0
2L2	B03200102	0	0
2L2	B02200046	0	0
2L2	B03200019	0	0
2L2	B02200096	0	0
MB2	N03200014	0	0
2L2	B02200094	0	0
FLA0021	V0141018	0	0
FLA0003	V0341025	0	0
FLA0021	V0141055	0	0
FLA0013	V0241045	0	0
FLA0003	V0341037	0	0
FLA0021	V0141023	0	0
2L2	B03192105	0	0
MB2	N02202107	0	0
2L2	B03200031	0	0
FLA0013	V0041022	0	0
FLA0021	V0141051	0	0
2L2	B03200015	0	0
FLA0019	V9941077	0	0
FLA0021	V0141061	0	0
2L2	B03200100	0	0
FLA0003	V0341036	0	0
MB2	N03200030	0	0
2L2	B02200064	0	0
MB2	N02200047	0	0
FLA0003	V0341027	0	0
MB2	N03200012	0	0
MB2	N03200036	0	0
2L2	B03200106	0	0
MB2	N03200010	0	0
FLA0013	V0241017	0	0
MB2	N03200006	0	0
2L2	B03200037	0	0
FLA0021	V0141012	0	0
FLA0021	V0141054	0	0
FLA0021	V0141038	0	0
FLA0003	V0341051	0	0
2L2	B03200023	0	0
FLA0021	V0141053	0	0
FLA0019	V0241065	0	0
MB2	N02202111	0	0
2L2	B03200092	0	0
MB2	N03203103	0	0
FLA0013	V0241037	0	0
FLA0021	V0141052	0	0
FLA0003	V0341021	0	0
FLA0021	V0141009	0	0
2L2	B01130006	0	0
2L2	B03200068	0	0
MB2	N01200014	0	0
FLA0013	V0241066	0	0
FLA0021	V0141050	0	0
MB2	N04202109	0	0
2L2	B03200072	0	0
2L2	B03200007	0	0
FLA0021	V0141035	0	0
FLA0019	V0241038	0	0
FLA0019	V0241039	0	0
FLA0019	V0241041	0	0
FLA0019	V0241022	0	0
FLA0019	V0041008	0	0
FLA0019	V0241001	0	0
FLA0019	V0241004	0	0
FLA0019	V0241014	0	0
FLA0019	V0241017	0	0
FLA0019	V0241029	0	0
FLA0019	V0241034	0	0
FLA0021	V9941077	0	0
FLA0019	V0241063	0	0
FLA0019	V0141001	0	0
FLA0019	V0241064	0	0
FLA0019	V0241045	0	0
FLA0019	V0241067	0	0
FLA0019	V0241046	0	0
FLA0003	V0341047	1	0
FLA0003	V0341034	1	89
FLA0003	V0341037	1	60
FLA0003	V0341046	1	0
FLA0003	V0341036	1	78
FLA0003	V0341033	1	36
FLA0003	V0341035	1	11
FLA0003	V0341039	1	49
FLA0003	V0341031	1	70
FLA0003	V0341052	1	37
FLA0003	V0341024	1	91
FLA0003	V0341022	1	50
FLA0003	V0341025	1	89
FLA0003	V0341044	1	9
FLA0003	V0341051	1	78
FLA0003	V0341021	1	60
FLA0003	V0341027	1	91
FLA0013	V0241004	1	92
FLA0013	V0241032	1	82
FLA0013	V0241029	1	57
FLA0013	V0241044	1	46
FLA0013	V0241031	1	136
FLA0013	V0241037	1	136
FLA0013	V0241014	1	97
FLA0013	V0241030	1	90
FLA0013	V0241041	1	56
FLA0013	V0241022	1	65
FLA0013	V0241066	1	70
FLA0013	V0241045	1	60
FLA0013	V0041008	1	59
FLA0013	V0041022	1	60
FLA0013	V0241001	1	56
FLA0013	V0241034	1	87
FLA0013	V0241042	1	98
FLA0013	U0143020	1	77
FLA0013	V0241039	1	135
FLA0013	V0241046	1	97
FLA0013	V0241024	1	70
FLA0013	V0241017	1	72
FLA0013	V0241067	1	78
FLA0013	V0241038	1	135
FLA0019	V0241063	1	0
FLA0019	V0241041	1	33
FLA0019	V9941077	1	38
FLA0019	V0241034	1	58
FLA0019	V0141062	1	38
FLA0019	V0141001	1	18
FLA0019	V0241067	1	18
FLA0019	V0241029	1	38
FLA0019	V0241001	1	59
FLA0019	V0241017	1	53
FLA0019	V0241004	1	57
FLA0019	V0241039	1	37
FLA0019	V0241064	1	18
FLA0019	V0241014	1	53
FLA0019	V0241045	1	45
FLA0019	V0041008	1	32
FLA0019	V0241038	1	37
FLA0019	V0241046	1	18
FLA0019	V0241022	1	33
FLA0019	V0241065	1	57
FLA0019	V0041042	1	39
FLA0019	V0316060	1	25
MB2	N03200027	1	50
MB2	N02202107	1	72
MB2	N02202109	1	0
MB2	N03200012	1	41
MB2	N03200001	1	97
MB2	N04202109	1	60
MB2	N03200006	1	46
MB2	100100100	1	49
MB2	N04202107	1	0
MB2	N02202111	1	62
MB2	N03200022	1	80
MB2	N03203103	1	95
MB2	N03200036	1	45
MB2	N03200008	1	58
MB2	N03200034	1	8
MB2	N03200025	1	89
MB2	N03200014	1	88
MB2	N02203102	1	52
MB2	N03200010	1	36
MB2	N03200030	1	58
MB2	N02200025	1	0
MB2	N02200047	1	20
MB2	N01200014	1	67
MB2	N04202101	1	91
MB2	N03200004	1	69
MB2	N03203104	1	59
FLA0013	V0041008	2	55
FLA0013	V0241037	2	136
FLA0013	V0241067	2	77
FLA0013	V0241017	2	67
FLA0013	V0241030	2	93
FLA0013	V0241045	2	58
FLA0013	V0241066	2	81
FLA0013	V0241039	2	136
FLA0013	V0241044	2	44
FLA0013	V0241014	2	97
FLA0013	V0241004	2	81
FLA0013	V0241031	2	137
FLA0013	V0241024	2	67
FLA0013	V0241046	2	97
FLA0013	V0241038	2	134
FLA0013	V0041022	2	67
FLA0013	V0241042	2	95
FLA0013	V0241032	2	88
FLA0013	U0143020	2	71
FLA0013	V0241029	2	71
FLA0013	V0241041	2	56
FLA0013	V0241001	2	56
FLA0013	V0241022	2	64
FLA0013	V0241034	2	88
FLA0003	V0341044	2	8
FLA0003	V0341025	2	92
FLA0003	V0341027	2	80
FLA0003	V0341021	2	62
FLA0003	V0341037	2	68
FLA0003	V0341033	2	34
FLA0003	V0341036	2	79
FLA0003	V0341031	2	58
FLA0003	V0341034	2	60
FLA0003	V0341039	2	51
FLA0003	V0341035	2	14
FLA0003	V0341051	2	62
FLA0003	V0341022	2	52
FLA0003	V0341047	2	0
FLA0003	V0341024	2	94
FLA0003	V0341046	2	0
FLA0003	V0341052	2	34
FLA0019	V0241045	2	48
FLA0019	V0241063	2	0
FLA0019	V0241064	2	28
FLA0019	V0241034	2	54
FLA0019	V0041042	2	47
FLA0019	V0241004	2	43
FLA0019	V0141062	2	43
FLA0019	V0141001	2	30
FLA0019	V0241041	2	37
FLA0019	V0241017	2	50
FLA0019	V0241065	2	55
FLA0019	V0241022	2	41
FLA0019	V0241001	2	55
FLA0019	V0241067	2	30
FLA0019	V9941077	2	44
FLA0019	V0241029	2	43
FLA0019	V0241046	2	26
FLA0019	V0241014	2	54
FLA0019	V0041008	2	36
FLA0019	V0241039	2	43
FLA0019	V0241038	2	40
FLA0019	V0316060	2	31
2L2	B03200019	1	73
2L2	B03200100	1	43
2L2	B03200007	1	55
2L2	B03200092	1	58
2L2	B02200094	1	34
2L2	B03200011	1	73
2L2	B03200056	1	56
2L2	B03200072	1	0
2L2	B01130006	1	39
2L2	B03200039	1	71
2L2	B02200064	1	42
2L2	B00230075	1	45
2L2	B03200015	1	38
2L2	B03200102	1	57
2L2	B03200005	1	89
2L2	B03200064	1	46
2L2	B03200078	1	43
2L2	B03200031	1	60
2L2	B02200096	1	38
2L2	B03200110	1	34
2L2	B03200037	1	48
2L2	B03200052	1	58
2L2	B03200043	1	66
2L2	B03200068	1	31
2L2	B03200106	1	65
2L2	B03192105	1	56
2L2	B02200046	1	31
2L2	B03200023	1	40
2L2	B03200084	1	36
2L2	B03200027	1	37
FLA0003	V0241008	0	0
FLA0003	V0341016	0	0
FLA0003	V0341005	0	0
FLA0003	V0341004	0	0
FLA0003	V0341015	0	0
FLA0003	V0341010	0	0
FLA0003	V0341019	0	0
FLA0003	V0341017	0	0
FLA0003	V0341003	0	0
FLA0003	V0499145	0	0
FLA0003	V0341012	0	0
FLA0003	V0341001	0	0
FLA0003	V0341011	0	0
FLA0003	V0141063	0	0
FLA0003	V0341013	0	0
FLA0003	V0041066	0	0
FLA0003	V0341019	2	0
FLA0003	V0499145	2	0
FLA0003	V0041066	2	0
FLA0003	V0141062	2	0
FLA0003	V0141063	2	0
FLA0003	V0241008	2	0
FLA0003	V0341001	2	0
FLA0003	V0341003	2	0
FLA0003	V0341004	2	0
FLA0003	V0341005	2	0
FLA0003	V0341010	2	0
FLA0003	V0341011	2	0
FLA0003	V0341012	2	0
FLA0003	V0341013	2	0
FLA0003	V0341015	2	0
FLA0003	V0341016	2	0
FLA0003	V0341017	2	0
FLA0013	V0241066	3	76
FLA0013	V0041008	3	61
FLA0013	V0241067	3	75
FLA0013	V0241034	3	65
FLA0013	V0241039	3	122
FLA0013	V0241041	3	55
FLA0013	V0241022	3	77
FLA0013	V0241044	3	64
FLA0013	V0241029	3	81
FLA0013	V0241038	3	122
FLA0013	V0241031	3	126
FLA0013	V0241032	3	79
FLA0013	V0241017	3	68
FLA0013	V0241004	3	81
FLA0013	V0041022	3	35
FLA0013	V0241014	3	95
FLA0013	U0143020	3	63
FLA0013	V0241001	3	60
FLA0013	V0241046	3	91
FLA0013	V0241030	3	90
FLA0013	V0241024	3	69
FLA0013	V0241037	3	130
FLA0013	V0241042	3	84
FLA0013	V0241045	3	76
FLA0003	V0341004	3	31
FLA0003	V0341015	3	34
FLA0003	V0341005	3	32
FLA0003	V0041066	3	38
FLA0003	V0341013	3	0
FLA0003	V0341016	3	35
FLA0003	V0241008	3	36
FLA0003	V0341011	3	30
FLA0003	V0141063	3	0
FLA0003	V0341003	3	30
FLA0003	V0341010	3	31
FLA0003	V0341012	3	39
FLA0003	V0341017	3	0
FLA0003	V0499145	3	41
FLA0003	V0141062	3	40
FLA0003	V0341001	3	30
FLA0003	V0341019	3	24
MB2	N03200014	2	67
MB2	N01200014	2	60
MB2	N02200025	2	0
MB2	N02202111	2	62
MB2	N03200006	2	45
MB2	N04202101	2	93
MB2	N02202107	2	67
MB2	N02200047	2	20
MB2	N03203104	2	52
MB2	N03200025	2	81
MB2	N03200027	2	45
MB2	N03203103	2	74
MB2	N03200022	2	56
MB2	N03200001	2	85
MB2	N03200008	2	59
MB2	N04202109	2	46
MB2	100100100	2	46
MB2	N03200012	2	41
MB2	N02202109	2	0
MB2	N03200030	2	49
MB2	N02203102	2	56
MB2	N04202107	2	0
MB2	N03200010	2	26
MB2	N03200034	2	8
MB2	N03200004	2	77
MB2	N03200036	2	41
2L2	B03200023	2	34
2L2	B03200064	2	43
2L2	B03200084	2	39
2L2	B03200110	2	22
2L2	B03200015	2	27
2L2	B02200064	2	29
2L2	B03200072	2	0
2L2	B00230075	2	34
2L2	B03200100	2	36
2L2	B03200106	2	64
2L2	B02200046	2	20
2L2	B01130006	2	33
2L2	B02200096	2	31
2L2	B03200011	2	67
2L2	B03200068	2	27
2L2	B03200007	2	62
2L2	B03200056	2	65
2L2	B03200005	2	89
2L2	B03200037	2	42
2L2	B03200092	2	57
2L2	B03200019	2	71
2L2	B03200078	2	45
2L2	B03200039	2	69
2L2	B03200052	2	62
2L2	B03200031	2	55
2L2	B03200027	2	32
2L2	B03192105	2	60
2L2	B02200094	2	38
2L2	B03200043	2	64
2L2	B03200102	2	65
FLA0019	V0241022	3	43
FLA0019	V0241039	3	83
FLA0019	V0241004	3	83
FLA0019	V0241041	3	38
FLA0019	V0241065	3	95
FLA0019	V0241045	3	70
FLA0019	V0241063	3	0
FLA0019	V0241038	3	80
FLA0019	V0041008	3	58
FLA0019	V0141001	3	30
FLA0019	V0241067	3	40
FLA0019	V0241064	3	69
FLA0019	V0241014	3	96
FLA0019	V0141062	3	84
FLA0019	V0241029	3	63
FLA0019	V0241046	3	47
FLA0019	V0041042	3	70
FLA0019	V9941077	3	84
FLA0019	V0316060	3	39
FLA0019	V0241017	3	52
FLA0019	V0241034	3	55
FLA0019	V0241001	3	56
FLA0003	V0341016	4	31
FLA0003	V0241008	4	28
FLA0003	V0141063	4	0
FLA0003	V0141062	4	40
FLA0003	V0341019	4	30
FLA0003	V0499145	4	39
FLA0003	V0341015	4	36
FLA0003	V0341013	4	0
FLA0003	V0341004	4	33
FLA0003	V0341017	4	0
FLA0003	V0341011	4	29
FLA0003	V0341001	4	31
FLA0003	V0341012	4	33
FLA0003	V0341005	4	31
FLA0003	V0041066	4	34
FLA0003	V0341003	4	14
FLA0003	V0341010	4	28
2L2	B00230075	3	29
2L2	B03200102	3	72
2L2	B03192105	3	61
2L2	B03200011	3	66
2L2	B03200064	3	49
2L2	B03200019	3	72
2L2	B01130006	3	30
2L2	B03200110	3	19
2L2	B03200015	3	25
2L2	B03200005	3	91
2L2	B02200096	3	29
2L2	B03200023	3	39
2L2	B02200064	3	30
2L2	B03200027	3	32
2L2	B03200078	3	48
2L2	B03200007	3	56
2L2	B02200046	3	12
2L2	B03200037	3	48
2L2	B03200039	3	74
2L2	B03200072	3	0
2L2	B02200094	3	37
2L2	B03200031	3	62
2L2	B03200084	3	42
2L2	B03200056	3	65
2L2	B03200043	3	65
2L2	B03200092	3	60
2L2	B03200100	3	46
2L2	B03200106	3	62
2L2	B03200068	3	25
2L2	B03200052	3	62
MB2	N03203103	3	79
MB2	N04202107	3	0
MB2	N03203104	3	45
MB2	N03200010	3	33
MB2	N02200047	3	20
MB2	N03200001	3	90
MB2	N03200004	3	82
MB2	N03200034	3	8
MB2	N04202109	3	51
MB2	N03200036	3	23
MB2	N02202107	3	72
MB2	N03200008	3	56
MB2	N02203102	3	60
MB2	100100100	3	45
MB2	N02202111	3	61
MB2	N03200030	3	50
MB2	N03200014	3	67
MB2	N03200012	3	41
MB2	N03200006	3	27
MB2	N03200025	3	89
MB2	N02202109	3	0
MB2	N03200022	3	56
MB2	N04202101	3	88
MB2	N03200027	3	49
MB2	N01200014	3	55
MB2	N02200025	3	0
\.


--
-- Data for Name: roles; Type: TABLE DATA; Schema: public; Owner: drbean
--

COPY roles (tournament, player, role, round) FROM stdin;
\.


--
-- Data for Name: round; Type: TABLE DATA; Schema: public; Owner: drbean
--

COPY round (tournament, value) FROM stdin;
FLA0021	0
2L2	3
FLA0013	4
FLA0019	4
MB2	3
FLA0003	4
\.


--
-- Data for Name: scores; Type: TABLE DATA; Schema: public; Owner: drbean
--

COPY scores (tournament, player, value) FROM stdin;
FLA0003	V0341046	0
FLA0003	V0341047	0
FLA0013	V0041022	0
FLA0019	V0316060	0
FLA0021	V0141009	0
FLA0021	V0141003	0
FLA0021	V0141008	0
FLA0021	V0141011	0
FLA0021	V0141012	0
FLA0021	V0141016	0
FLA0021	V0141017	0
FLA0021	V0141018	0
FLA0021	V0141019	0
FLA0021	V0141021	0
FLA0021	V0141022	0
FLA0021	V0141023	0
FLA0021	V0141025	0
FLA0021	V0141026	0
FLA0021	V0141028	0
FLA0021	V0141029	0
FLA0021	V0141035	0
FLA0021	V0141036	0
FLA0021	V0141037	0
FLA0021	V0141038	0
FLA0021	V0141041	0
FLA0021	V0141046	0
FLA0021	V0141048	0
FLA0021	V0141049	0
FLA0021	V0141050	0
FLA0021	V0141051	0
FLA0021	V0141052	0
FLA0021	V0141053	0
FLA0021	V0141054	0
FLA0021	V0141055	0
FLA0021	V0141059	0
FLA0021	V0141060	0
FLA0021	V0141061	0
FLA0021	V9941077	0
2L2	B03200072	0
MB2	N02200025	0
MB2	N02200047	0
MB2	N02202109	0
MB2	N03200012	0
MB2	N03200034	0
MB2	N04202107	0
FLA0019	V0241063	0
FLA0003	V0341024	7
FLA0003	V0341025	4
FLA0003	V0341027	5
FLA0003	V0341031	7
FLA0003	V0341035	6
FLA0003	V0341033	1
FLA0003	V0341034	1
FLA0003	V0341036	7
FLA0003	V0341037	5
FLA0003	V0341044	2
FLA0003	V0341051	7
FLA0003	V0341052	9
FLA0019	V0241067	12
FLA0013	V0241039	13
FLA0013	U0143020	14
FLA0013	V0241042	13
FLA0013	V0041008	13
FLA0013	V0241001	14
FLA0013	V0241014	13
FLA0013	V0241044	13
FLA0013	V0241017	12
FLA0013	V0241022	13
FLA0013	V0241041	13
FLA0013	V0241029	13
FLA0013	V0241030	13
FLA0013	V0241032	13
FLA0013	V0241034	11
FLA0003	V0341021	1
FLA0013	V0241045	14
FLA0013	V0241024	14
FLA0013	V0241046	14
FLA0003	V0499145	9
FLA0013	V0241066	15
FLA0013	V0241067	12
FLA0013	V0241037	14
FLA0013	V0241004	11
FLA0019	V0141001	11
FLA0019	V0241064	13
FLA0019	V0241038	13
FLA0019	V0241022	13
FLA0019	V0241041	12
2L2	B01130006	5
FLA0019	V0241065	14
FLA0019	V0041008	8
FLA0019	V0041042	8
FLA0019	V0141062	13
FLA0019	V0241034	14
FLA0019	V0241014	13
FLA0019	V0241017	11
FLA0019	V0241029	12
FLA0019	V9941077	12
FLA0003	V0341019	10
FLA0019	V0241001	14
FLA0019	V0241039	13
MB2	N01200014	13
MB2	N02202111	12
MB2	100100100	9
MB2	N03203103	12
MB2	N03200004	14
MB2	N03200008	14
MB2	N03200010	8
MB2	N03200025	13
MB2	N03200006	5
MB2	N03200027	10
MB2	N03200014	9
MB2	N03200022	11
MB2	N03200030	13
MB2	N03200036	6
MB2	N04202109	9
2L2	B03200005	12
MB2	N04202101	14
2L2	B03200007	14
FLA0003	V0041066	9
FLA0003	V0341022	2
FLA0003	V0341039	2
FLA0019	V0241046	12
FLA0019	V0241004	13
2L2	B02200064	9
2L2	B02200046	4
2L2	B02200094	13
2L2	B03200011	14
2L2	B03192105	12
2L2	B03200015	8
2L2	B03200023	9
2L2	B03200031	12
2L2	B03200037	14
2L2	B03200019	13
2L2	B03200039	13
2L2	B03200027	9
2L2	B03200043	13
2L2	B03200052	13
2L2	B03200056	15
2L2	B03200064	14
2L2	B03200078	13
2L2	B03200068	12
2L2	B03200084	13
2L2	B03200100	10
2L2	B03200092	13
2L2	B03200106	13
2L2	B03200110	8
FLA0019	V0241045	8
2L2	B03200102	14
2L2	B02200096	8
FLA0003	V0141062	10
MB2	N03203104	9
FLA0003	V0141063	0
FLA0003	V0241008	9
FLA0003	V0341001	9
FLA0003	V0341003	6
FLA0003	V0341004	5
FLA0003	V0341005	8
FLA0003	V0341010	8
FLA0003	V0341011	7
FLA0003	V0341012	8
2L2	B00230075	8
MB2	N02202107	12
MB2	N03200001	14
FLA0003	V0341013	0
FLA0003	V0341017	0
FLA0013	V0241031	12
FLA0013	V0241038	11
FLA0003	V0341015	6
FLA0003	V0341016	8
MB2	N02203102	13
\.


--
-- Data for Name: sessions; Type: TABLE DATA; Schema: public; Owner: drbean
--

COPY sessions (id, session_data, expires) FROM stdin;
session:57cfaffa5f6d5c9c94276ea51bbfd67b7a4710c4                        	BQoZAAAAAAcXAzJMMgAAAAAKdG91cm5hbWVudAoKMTQ1ODM3ODQ3NQAAAAAJX19jcmVhdGVkBAMA\nAAABFwYxOTMwMDEAAAACaWQAAAAABl9fdXNlcgoFdXNlcnMAAAAADF9fdXNlcl9yZWFsbQiBAgAA\nAAlNQjJfcm91bmQXBjE5MzAwMQAAAAAKYXJiaXRlcl9pZAlW7R8QAAAAAAlfX3VwZGF0ZWQ=\n	1458384175
session:2a18eebdcd4765d5b2d79a17a80cd816c0e70d9d                        	BQoZAAAAAAcEAwAAAAEXBjE5MzAwMQAAAAJpZAAAAAAGX191c2VyCgoxNDYwOTM1ODUxAAAAAAlf\nX2NyZWF0ZWQIgQIAAAAJMkwyX3JvdW5kFwYxOTMwMDEAAAAACmFyYml0ZXJfaWQXAzJMMgAAAAAK\ndG91cm5hbWVudAlXFB4/AAAAAAlfX3VwZGF0ZWQKBXVzZXJzAAAAAAxfX3VzZXJfcmVhbG0=\n	1460940177
session:cc42cf396044910517ae31bb9765a1b38d160db3                        	BQoDAAAABQoKMTQ1ODM4MDcxMQAAAAlfX2NyZWF0ZWQXBjE5MzAwMQAAAAphcmJpdGVyX2lkCgV1\nc2VycwAAAAxfX3VzZXJfcmVhbG0EAwAAAAEXBjE5MzAwMQAAAAJpZAAAAAZfX3VzZXIJVu0fwgAA\nAAlfX3VwZGF0ZWQ=\n	1458384338
session:ce60ee1d2e87b198d0920fec137b8890150b236c                        	BQoZAAAAAAcJVu0z3gAAAAAJX191cGRhdGVkCgV1c2VycwAAAAAMX191c2VyX3JlYWxtCVbtMzAA\nAAAACV9fY3JlYXRlZBcGMTkzMDAxAAAAAAphcmJpdGVyX2lkBAMAAAABFwYxOTMwMDEAAAACaWQA\nAAAABl9fdXNlcgiBAgAAAAlNQjJfcm91bmQXA01CMgAAAAAKdG91cm5hbWVudA==\n	1458389491
session:92b7575575fa78a243d2f10107bf091460f42015                        	BQoDAAAABglXFBjMAAAACV9fY3JlYXRlZAoFdXNlcnMAAAAMX191c2VyX3JlYWxtBAMAAAABFwYx\nOTMwMDEAAAACaWQAAAAGX191c2VyFwMyTDIAAAAKdG91cm5hbWVudBcGMTkzMDAxAAAACmFyYml0\nZXJfaWQJVxQY2wAAAAlfX3VwZGF0ZWQ=\n	1460940032
session:212680ab06ef7d035d08aadf8f7b2a31c404bb12                        	BQoZAAAAAAkJVu0lIwAAAAAJX191cGRhdGVkCIECAAAADUZMQTAwMDNfcm91bmQIgQIAAAANRkxB\nMDAxM19yb3VuZBcGMTkzMDAxAAAAAAphcmJpdGVyX2lkCgV1c2VycwAAAAAMX191c2VyX3JlYWxt\nBAMAAAABFwYxOTMwMDEAAAACaWQAAAAABl9fdXNlcgoKMTQ1ODM4MDkyOQAAAAAJX19jcmVhdGVk\nCgExAgAAAAkyTDJfcm91bmQXB0ZMQTAwMTMAAAAACnRvdXJuYW1lbnQ=\n	1458385715
session:77596b04968b0b99523f125e7bfc77d6d188b062                        	BQoZAAAAAAcKBXVzZXJzAAAAAAxfX3VzZXJfcmVhbG0XBjE5MzAwMQAAAAAKYXJiaXRlcl9pZAlW\n72mmAAAAAAlfX3VwZGF0ZWQKCjE0NTg1Mjg5MjYAAAAACV9fY3JlYXRlZAQDAAAAARcGMTkzMDAx\nAAAAAmlkAAAAAAZfX3VzZXIIgQIAAAAJMkwyX3JvdW5kFwMyTDIAAAAACnRvdXJuYW1lbnQ=\n	1458534544
session:2e4fe9dfb3c9eaa5eb8ba3a14b93b2b9d09762ff                        	BQoZAAAAAAcKBXVzZXJzAAAAAAxfX3VzZXJfcmVhbG0EAwAAAAEXBjE5MzAwMQAAAAJpZAAAAAAG\nX191c2VyFwYxOTMwMDEAAAAACmFyYml0ZXJfaWQJVu0gGwAAAAAJX191cGRhdGVkFwMyTDIAAAAA\nCnRvdXJuYW1lbnQJVu0f7AAAAAAJX19jcmVhdGVkCIECAAAACTJMMl9yb3VuZA==\n	1458384427
session:51c2791fd6369e64f49c1bacdb8256ad2cd1f681                        	BQoZAAAAAAcKBXVzZXJzAAAAAAxfX3VzZXJfcmVhbG0KCjE0NTg3MzQ3ODAAAAAACV9fY3JlYXRl\nZAiBAgAAAA1GTEEwMDEzX3JvdW5kBAMAAAABFwYxOTMwMDEAAAACaWQAAAAABl9fdXNlchcGMTkz\nMDAxAAAAAAphcmJpdGVyX2lkCVbyiRsAAAAACV9fdXBkYXRlZBcHRkxBMDAxMwAAAAAKdG91cm5h\nbWVudA==\n	1458738992
session:d7f6f2d259b739106213f3ffb08e8ee912c514b7                        	BQoZAAAAAAcJVxilMAAAAAAJX19jcmVhdGVkCgV1c2VycwAAAAAMX191c2VyX3JlYWxtFwdGTEEw\nMDAzAAAAAAp0b3VybmFtZW50BAMAAAABFwYxOTMwMDEAAAACaWQAAAAABl9fdXNlcglXGKXzAAAA\nAAlfX3VwZGF0ZWQIggIAAAANRkxBMDAwM19yb3VuZBcGMTkzMDAxAAAAAAphcmJpdGVyX2lk\n	1461236745
session:b4737b7f9c6ef885141f35cf4bffa81871f8eb13                        	BQoZAAAAAAcJVu0dRgAAAAAJX191cGRhdGVkBAMAAAABFwYxOTMwMDEAAAACaWQAAAAABl9fdXNl\ncgiBAgAAAAlNQjJfcm91bmQXBjE5MzAwMQAAAAAKYXJiaXRlcl9pZAoFdXNlcnMAAAAADF9fdXNl\ncl9yZWFsbQoKMTQ1ODM3Nzk0NgAAAAAJX19jcmVhdGVkFwNNQjIAAAAACnRvdXJuYW1lbnQ=\n	1458384136
session:96235a0b19cbd3b918c156028eb7e0ec80c398f8                        	BQoZAAAAAAcJVxdyuQAAAAAJX191cGRhdGVkCgV1c2VycwAAAAAMX191c2VyX3JlYWxtFwYxOTMw\nMDEAAAAACmFyYml0ZXJfaWQIggIAAAANRkxBMDAxM19yb3VuZBcHRkxBMDAxMwAAAAAKdG91cm5h\nbWVudAlXF3H6AAAAAAlfX2NyZWF0ZWQEAwAAAAEXBjE5MzAwMQAAAAJpZAAAAAAGX191c2Vy\n	1461158093
session:f22e35a890eab5e42dddfc93c5364771d66b0186                        	BQoZAAAAAAcEAwAAAAEXBjE5MzAwMQAAAAJpZAAAAAAGX191c2VyFwdGTEEwMDE5AAAAAAp0b3Vy\nbmFtZW50CVb1Le4AAAAACV9fdXBkYXRlZAlW9S1oAAAAAAlfX2NyZWF0ZWQXBjE5MzAwMQAAAAAK\nYXJiaXRlcl9pZAiBAgAAAA1GTEEwMDE5X3JvdW5kCgV1c2VycwAAAAAMX191c2VyX3JlYWxt\n	1458912254
session:d79d2952e570345bac7405bf1cc5c2258c81f0ac                        	BQoDAAAABgQDAAAAARcGMTkzMDAxAAAAAmlkAAAABl9fdXNlcglW9SoOAAAACV9fdXBkYXRlZAoF\ndXNlcnMAAAAMX191c2VyX3JlYWxtCgoxNDU4OTA3Mjk3AAAACV9fY3JlYXRlZBcHRkxBMDAxOQAA\nAAp0b3VybmFtZW50FwYxOTMwMDEAAAAKYXJiaXRlcl9pZA==\n	1458912627
session:73529a979b437ca99507ce105b3c955cdfce63e8                        	BQoZAAAAAAcKBXVzZXJzAAAAAAxfX3VzZXJfcmVhbG0IgQIAAAANRkxBMDAwM19yb3VuZAlW88cU\nAAAAAAlfX3VwZGF0ZWQXBjE5MzAwMQAAAAAKYXJiaXRlcl9pZBcHRkxBMDAwMwAAAAAKdG91cm5h\nbWVudAlW88DQAAAAAAlfX2NyZWF0ZWQEAwAAAAEXBjE5MzAwMQAAAAJpZAAAAAAGX191c2Vy\n	1458820525
session:5ff77f647cb28827246f46dbbb56fc8056602495                        	BQoZAAAAAAcKBXVzZXJzAAAAAAxfX3VzZXJfcmVhbG0EAwAAAAEXBjE5MzAwMQAAAAJpZAAAAAAG\nX191c2VyCIICAAAADUZMQTAwMTNfcm91bmQJVxdqAAAAAAAJX191cGRhdGVkFwYxOTMwMDEAAAAA\nCmFyYml0ZXJfaWQXB0ZMQTAwMTMAAAAACnRvdXJuYW1lbnQJVxdobQAAAAAJX19jcmVhdGVk\n	1461155861
session:872b8be36ef2742857beb5c30aaa3c08b1cf9519                        	BQoZAAAAAAcKBXVzZXJzAAAAAAxfX3VzZXJfcmVhbG0EAwAAAAEXBjE5MzAwMQAAAAJpZAAAAAAG\nX191c2VyCVcUP7gAAAAACV9fY3JlYXRlZAiBAgAAAAkyTDJfcm91bmQXAzJMMgAAAAAKdG91cm5h\nbWVudBcGMTkzMDAxAAAAAAphcmJpdGVyX2lkCVcURV0AAAAACV9fdXBkYXRlZA==\n	1460949874
session:5c56848de76d069c32e4b83aa40c95be2f592853                        	BQoZAAAAAAcXB0ZMQTAwMTkAAAAACnRvdXJuYW1lbnQXBjE5MzAwMQAAAAAKYXJiaXRlcl9pZAQD\nAAAAARcGMTkzMDAxAAAAAmlkAAAAAAZfX3VzZXIJVxjKogAAAAAJX19jcmVhdGVkCgV1c2VycwAA\nAAAMX191c2VyX3JlYWxtCVcYy7AAAAAACV9fdXBkYXRlZAiCAgAAAA1GTEEwMDE5X3JvdW5k\n	1461246647
session:fa95047d499dcf9b4458e93ac810bece99e02816                        	BQoZAAAAAAcIggIAAAANRkxBMDAwM19yb3VuZAlXGK2vAAAAAAlfX3VwZGF0ZWQJVxiqIgAAAAAJ\nX19jcmVhdGVkCgV1c2VycwAAAAAMX191c2VyX3JlYWxtFwYxOTMwMDEAAAAACmFyYml0ZXJfaWQE\nAwAAAAEXBjE5MzAwMQAAAAJpZAAAAAAGX191c2VyFwdGTEEwMDAzAAAAAAp0b3VybmFtZW50\n	1461238724
session:7d5eeba0497cf38f3dc14765e935b7784935eb6b                        	BQoZAAAAAAcJVxoTUgAAAAAJX19jcmVhdGVkCVcaFCQAAAAACV9fdXBkYXRlZAQDAAAAARcGMTkz\nMDAxAAAAAmlkAAAAAAZfX3VzZXIKBXVzZXJzAAAAAAxfX3VzZXJfcmVhbG0IggIAAAANRkxBMDAx\nOV9yb3VuZBcHRkxBMDAxOQAAAAAKdG91cm5hbWVudBcGMTkzMDAxAAAAAAphcmJpdGVyX2lk\n	1461330490
session:1a3ee8174ce35b9d4a34a35dbe0b36dd25884849                        	BQoZAAAAAAcJVxtMvgAAAAAJX19jcmVhdGVkCVcbU7UAAAAACV9fdXBkYXRlZBcGMTkzMDAxAAAA\nAAphcmJpdGVyX2lkCIECAAAACU1CMl9yb3VuZAoFdXNlcnMAAAAADF9fdXNlcl9yZWFsbRcDTUIy\nAAAAAAp0b3VybmFtZW50BAMAAAABFwYxOTMwMDEAAAACaWQAAAAABl9fdXNlcg==\n	1461412298
session:0e13b47cb01d7d4bb5ffe84cf4785bbc4660d25e                        	BQoDAAAABglXOQyTAAAACV9fY3JlYXRlZAoFdXNlcnMAAAAMX191c2VyX3JlYWxtFwMyTDIAAAAK\ndG91cm5hbWVudAlXOQ9lAAAACV9fdXBkYXRlZAQDAAAAARcGMTkzMDAxAAAAAmlkAAAABl9fdXNl\nchcGMTkzMDAxAAAACmFyYml0ZXJfaWQ=\n	1463360990
session:c733fc720457bd26da2407693f8027f56e82e67f                        	BQoZAAAAAAcEAwAAAAEXBjE5MzAwMQAAAAJpZAAAAAAGX191c2VyCVc5EOQAAAAACV9fdXBkYXRl\nZBcGMTkzMDAxAAAAAAphcmJpdGVyX2lkCVc5DMAAAAAACV9fY3JlYXRlZAiCAgAAAAkyTDJfcm91\nbmQXAzJMMgAAAAAKdG91cm5hbWVudAoFdXNlcnMAAAAADF9fdXNlcl9yZWFsbQ==\n	1463361349
session:62e29150b4ffdd2a198e4062a5b87640ae0f18e1                        	BQoZAAAAAAcJVzxbdQAAAAAJX19jcmVhdGVkBAMAAAABFwYxOTMwMDEAAAACaWQAAAAABl9fdXNl\ncglXPFx8AAAAAAlfX3VwZGF0ZWQXBjE5MzAwMQAAAAAKYXJiaXRlcl9pZAoFdXNlcnMAAAAADF9f\ndXNlcl9yZWFsbRcHRkxBMDAxMwAAAAAKdG91cm5hbWVudAiDAgAAAA1GTEEwMDEzX3JvdW5k\n	1463577233
session:743cd0d4a40badd980ceda48fb2ef9c4f8751c59                        	BQoZAAAAAAcJVz7+MwAAAAAJX19jcmVhdGVkCgV1c2VycwAAAAAMX191c2VyX3JlYWxtCIMCAAAA\nDUZMQTAwMTlfcm91bmQXB0ZMQTAwMTkAAAAACnRvdXJuYW1lbnQJVz7+9QAAAAAJX191cGRhdGVk\nBAMAAAABFwYxOTMwMDEAAAACaWQAAAAABl9fdXNlchcGMTkzMDAxAAAAAAphcmJpdGVyX2lk\n	1463749898
session:aa490bf2a47b6cd522c631d1762b3f847f4883bb                        	BQoZAAAAAAcXBjE5MzAwMQAAAAAKYXJiaXRlcl9pZAlXPpObAAAAAAlfX3VwZGF0ZWQXA01CMgAA\nAAAKdG91cm5hbWVudAlXPpN+AAAAAAlfX2NyZWF0ZWQKBXVzZXJzAAAAAAxfX3VzZXJfcmVhbG0I\nggIAAAAJTUIyX3JvdW5kBAMAAAABFwYxOTMwMDEAAAACaWQAAAAABl9fdXNlcg==\n	1463722411
session:44be7e377d72256a6e378272e68225a147a97b4a                        	BQoDAAAABgoKMTQ2MzY2MDI3NgAAAAlfX2NyZWF0ZWQKBXVzZXJzAAAADF9fdXNlcl9yZWFsbQQD\nAAAAARcGMTkzMDAxAAAAAmlkAAAABl9fdXNlchcGMTkzMDAxAAAACmFyYml0ZXJfaWQJVz2vRgAA\nAAlfX3VwZGF0ZWQXB0ZMQTAwMDMAAAAKdG91cm5hbWVudA==\n	1463663958
session:ba339a4ea4335c50ce9d99b516f3a2f39a2b11aa                        	BQoZAAAAAAcJVz6RZgAAAAAJX191cGRhdGVkFwdGTEEwMDE5AAAAAAp0b3VybmFtZW50FwYxOTMw\nMDEAAAAACmFyYml0ZXJfaWQKBXVzZXJzAAAAAAxfX3VzZXJfcmVhbG0EAwAAAAEXBjE5MzAwMQAA\nAAJpZAAAAAAGX191c2VyCIMCAAAADUZMQTAwMTlfcm91bmQJVz6RIQAAAAAJX19jcmVhdGVk\n	1463721846
session:692e876092f8cc390464b1c3e0d15344f313eb89                        	BQoZAAAAAAcEAwAAAAEXBjE5MzAwMQAAAAJpZAAAAAAGX191c2VyCIICAAAACTJMMl9yb3VuZAoF\ndXNlcnMAAAAADF9fdXNlcl9yZWFsbRcGMTkzMDAxAAAAAAphcmJpdGVyX2lkFwMyTDIAAAAACnRv\ndXJuYW1lbnQJVzkwyAAAAAAJX19jcmVhdGVkCVc5Mc0AAAAACV9fdXBkYXRlZA==\n	1463369699
session:c87b0402fd955289176a13af0f9cf67e7695be76                        	BQoZAAAAAAcXB0ZMQTAwMTkAAAAACnRvdXJuYW1lbnQJV2y3rwAAAAAJX19jcmVhdGVkBAMAAAAB\nFwYxOTMwMDEAAAACaWQAAAAABl9fdXNlchcGMTkzMDAxAAAAAAphcmJpdGVyX2lkCIQCAAAADUZM\nQTAwMTlfcm91bmQKBXVzZXJzAAAAAAxfX3VzZXJfcmVhbG0JV2y4AAAAAAAJX191cGRhdGVk\n	1466746384
session:65cceafdc90bfa0d80d7338f8c269e28acd56dbd                        	BQoZAAAAAAcEAwAAAAEXBjE5MzAwMQAAAAJpZAAAAAAGX191c2VyCVdqf2IAAAAACV9fY3JlYXRl\nZBcGMTkzMDAxAAAAAAphcmJpdGVyX2lkCgV1c2VycwAAAAAMX191c2VyX3JlYWxtFwdGTEEwMDEz\nAAAAAAp0b3VybmFtZW50CVdqgEIAAAAACV9fdXBkYXRlZAiEAgAAAA1GTEEwMDEzX3JvdW5k\n	1466601047
session:4b5112116daa2ea0801d0d3f305f85ccbf289ac5                        	BQoDAAAABhcGMTkzMDAxAAAACmFyYml0ZXJfaWQJVz2PJwAAAAlfX2NyZWF0ZWQXB0ZMQTAwMDMA\nAAAKdG91cm5hbWVudAQDAAAAARcGMTkzMDAxAAAAAmlkAAAABl9fdXNlcglXPY82AAAACV9fdXBk\nYXRlZAoFdXNlcnMAAAAMX191c2VyX3JlYWxt\n	1463656440
session:14686a3af334adf9fa73c36393a5655cf200e751                        	BQoZAAAAAAcJV2ZgjAAAAAAJX191cGRhdGVkFwMyTDIAAAAACnRvdXJuYW1lbnQXBjE5MzAwMQAA\nAAAKYXJiaXRlcl9pZAlXZl7fAAAAAAlfX2NyZWF0ZWQIgwIAAAAJMkwyX3JvdW5kBAMAAAABFwYx\nOTMwMDEAAAACaWQAAAAABl9fdXNlcgoFdXNlcnMAAAAADF9fdXNlcl9yZWFsbQ==\n	1466330780
session:d7754b0513b12443c07b011d5955e8dada493ee1                        	BQoDAAAABhcGMTkzMDAxAAAACmFyYml0ZXJfaWQXB0ZMQTAwMDMAAAAKdG91cm5hbWVudAlXPbCT\nAAAACV9fdXBkYXRlZAoKMTQ2MzY2MDY4MwAAAAlfX2NyZWF0ZWQEAwAAAAEXBjE5MzAwMQAAAAJp\nZAAAAAZfX3VzZXIKBXVzZXJzAAAADF9fdXNlcl9yZWFsbQ==\n	1463664770
session:07f0bfed83ee6e87b79a35b397dd47906d84c071                        	BQoZAAAAAAcKCjE0NjM3MTgzNzYAAAAACV9fY3JlYXRlZAoBMgIAAAAJTUIyX3JvdW5kBAMAAAAB\nFwYxOTMwMDEAAAACaWQAAAAABl9fdXNlcgoFdXNlcnMAAAAADF9fdXNlcl9yZWFsbRcGMTkzMDAx\nAAAAAAphcmJpdGVyX2lkFwNNQjIAAAAACnRvdXJuYW1lbnQJVz6S2AAAAAAJX191cGRhdGVk\n	1463722216
session:134704f5c970dc4104668f1f5463b906c7546b88                        	BQoDAAAABglXPa1KAAAACV9fY3JlYXRlZBcGMTkzMDAxAAAACmFyYml0ZXJfaWQJVz2tWAAAAAlf\nX3VwZGF0ZWQXB0ZMQTAwMDMAAAAKdG91cm5hbWVudAQDAAAAARcGMTkzMDAxAAAAAmlkAAAABl9f\ndXNlcgoFdXNlcnMAAAAMX191c2VyX3JlYWxt\n	1463665780
session:a1fed3ea407e435d9c184d7c47fb36946912d11d                        	BQoZAAAAAAcJV0A+MQAAAAAJX191cGRhdGVkCIICAAAACU1CMl9yb3VuZBcDTUIyAAAAAAp0b3Vy\nbmFtZW50CgV1c2VycwAAAAAMX191c2VyX3JlYWxtCVdAONsAAAAACV9fY3JlYXRlZBcGMTkzMDAx\nAAAAAAphcmJpdGVyX2lkBAMAAAABFwYxOTMwMDEAAAACaWQAAAAABl9fdXNlcg==\n	1463831840
session:453631b8e4fe51cba40b659165ff6cbee55709ef                        	BQoZAAAAAAcIhAIAAAANRkxBMDAxM19yb3VuZBcGMTkzMDAxAAAAAAphcmJpdGVyX2lkFwdGTEEw\nMDAzAAAAAAp0b3VybmFtZW50CVdqejwAAAAACV9fY3JlYXRlZAoFdXNlcnMAAAAADF9fdXNlcl9y\nZWFsbQQDAAAAARcGMTkzMDAxAAAAAmlkAAAAAAZfX3VzZXIJV2p62QAAAAAJX191cGRhdGVk\n	1466599862
session:a2348ad8b0d254938357394a4891171acad1b83a                        	BQoZAAAAAAcEAwAAAAEXBjE5MzAwMQAAAAJpZAAAAAAGX191c2VyCVdnSxIAAAAACV9fY3JlYXRl\nZAlXZ1KlAAAAAAlfX3VwZGF0ZWQXBjE5MzAwMQAAAAAKYXJiaXRlcl9pZAoFdXNlcnMAAAAADF9f\ndXNlcl9yZWFsbQiDAgAAAAkyTDJfcm91bmQXAzJMMgAAAAAKdG91cm5hbWVudA==\n	1466392763
session:dec215052b78a69911f87fd7dee2587bcf2e7335                        	BQoZAAAAAAcJV25fIQAAAAAJX191cGRhdGVkCgV1c2VycwAAAAAMX191c2VyX3JlYWxtBAMAAAAB\nFwYxOTMwMDEAAAACaWQAAAAABl9fdXNlchcGMTkzMDAxAAAAAAphcmJpdGVyX2lkCIMCAAAACU1C\nMl9yb3VuZBcDTUIyAAAAAAp0b3VybmFtZW50CVduXZ0AAAAACV9fY3JlYXRlZA==\n	1466854711
session:cbeb3554e89fca0c7e5b6a6ae800b68f68ea1e5c                        	BQoDAAAABgoFdXNlcnMAAAAMX191c2VyX3JlYWxtCVdrrP4AAAAJX19jcmVhdGVkFwdGTEEwMDAz\nAAAACnRvdXJuYW1lbnQEAwAAAAEXBjE5MzAwMQAAAAJpZAAAAAZfX3VzZXIXBjE5MzAwMQAAAAph\ncmJpdGVyX2lkCVdrrQwAAAAJX191cGRhdGVk\n	1466679740
session:8387c43b234eca33cee416687e6c09e406a76335                        	BQoDAAAABgQDAAAAARcGMTkzMDAxAAAAAmlkAAAABl9fdXNlchcHRkxBMDAwMwAAAAp0b3VybmFt\nZW50CgV1c2VycwAAAAxfX3VzZXJfcmVhbG0JV2vTgQAAAAlfX3VwZGF0ZWQXBjE5MzAwMQAAAAph\ncmJpdGVyX2lkCVdr03cAAAAJX19jcmVhdGVk\n	1466687924
session:c09892ebda65c3c032e983310fc7cb2176cc6850                        	BQoZAAAAAAcEAwAAAAEXBjE5MzAwMQAAAAJpZAAAAAAGX191c2VyCVdtJN0AAAAACV9fdXBkYXRl\nZAoFdXNlcnMAAAAADF9fdXNlcl9yZWFsbRcGMTkzMDAxAAAAAAphcmJpdGVyX2lkCVdtI1YAAAAA\nCV9fY3JlYXRlZAiEAgAAAA1GTEEwMDE5X3JvdW5kFwdGTEEwMDE5AAAAAAp0b3VybmFtZW50\n	1466774258
session:d03c516e01dbd836fb328a31ccdc922cafe1f972                        	BQoZAAAAAAcKBXVzZXJzAAAAAAxfX3VzZXJfcmVhbG0XA01CMgAAAAAKdG91cm5hbWVudAQDAAAA\nARcGMTkzMDAxAAAAAmlkAAAAAAZfX3VzZXIXBjE5MzAwMQAAAAAKYXJiaXRlcl9pZAlXbfpgAAAA\nAAlfX3VwZGF0ZWQJV2359gAAAAAJX19jcmVhdGVkCIMCAAAACU1CMl9yb3VuZA==\n	1466829703
\.


--
-- Data for Name: tournament; Type: TABLE DATA; Schema: public; Owner: drbean
--

COPY tournament (id, arbiter) FROM stdin;
MB2	193001
\.


--
-- Data for Name: tournaments; Type: TABLE DATA; Schema: public; Owner: drbean
--

COPY tournaments (id, name, description, arbiter, rounds) FROM stdin;
FLA0021	夜應外大學四甲	科技英文	193001	18
2L2	BAF022_四技應外二乙	英語會話(一)	193001	\N
FLA0013	夜應外三甲	英語會話(四)	193001	\N
FLA0003	夜應外二甲	英語會話(二)	193001	\N
FLA0019	夜應外大學三甲	職場英語	193001	\N
MB2	NAF021_四技外二甲	英語會話(二)	193001	\N
\.


--
-- Name: arbiters_pkey; Type: CONSTRAINT; Schema: public; Owner: drbean; Tablespace: 
--

ALTER TABLE ONLY arbiters
    ADD CONSTRAINT arbiters_pkey PRIMARY KEY (id);


--
-- Name: firstrounds_pkey; Type: CONSTRAINT; Schema: public; Owner: drbean; Tablespace: 
--

ALTER TABLE ONLY firstrounds
    ADD CONSTRAINT firstrounds_pkey PRIMARY KEY (tournament, player);


--
-- Name: floats_pkey; Type: CONSTRAINT; Schema: public; Owner: drbean; Tablespace: 
--

ALTER TABLE ONLY floats
    ADD CONSTRAINT floats_pkey PRIMARY KEY (tournament, player, round);


--
-- Name: leagues_pkey; Type: CONSTRAINT; Schema: public; Owner: drbean; Tablespace: 
--

ALTER TABLE ONLY leagues
    ADD CONSTRAINT leagues_pkey PRIMARY KEY (id);


--
-- Name: matches_pkey; Type: CONSTRAINT; Schema: public; Owner: drbean; Tablespace: 
--

ALTER TABLE ONLY matches
    ADD CONSTRAINT matches_pkey PRIMARY KEY (tournament, round, pair);


--
-- Name: members_pkey; Type: CONSTRAINT; Schema: public; Owner: drbean; Tablespace: 
--

ALTER TABLE ONLY members
    ADD CONSTRAINT members_pkey PRIMARY KEY (tournament, player);


--
-- Name: opponents_pkey; Type: CONSTRAINT; Schema: public; Owner: drbean; Tablespace: 
--

ALTER TABLE ONLY opponents
    ADD CONSTRAINT opponents_pkey PRIMARY KEY (tournament, player, round);


--
-- Name: pairingnumbers_pkey; Type: CONSTRAINT; Schema: public; Owner: drbean; Tablespace: 
--

ALTER TABLE ONLY pairingnumbers
    ADD CONSTRAINT pairingnumbers_pkey PRIMARY KEY (tournament, player);


--
-- Name: players_pkey; Type: CONSTRAINT; Schema: public; Owner: drbean; Tablespace: 
--

ALTER TABLE ONLY players
    ADD CONSTRAINT players_pkey PRIMARY KEY (id);


--
-- Name: ratings_pkey; Type: CONSTRAINT; Schema: public; Owner: drbean; Tablespace: 
--

ALTER TABLE ONLY ratings
    ADD CONSTRAINT ratings_pkey PRIMARY KEY (player, tournament, round);


--
-- Name: roles_pkey; Type: CONSTRAINT; Schema: public; Owner: drbean; Tablespace: 
--

ALTER TABLE ONLY roles
    ADD CONSTRAINT roles_pkey PRIMARY KEY (tournament, player, round);


--
-- Name: round_pkey; Type: CONSTRAINT; Schema: public; Owner: drbean; Tablespace: 
--

ALTER TABLE ONLY round
    ADD CONSTRAINT round_pkey PRIMARY KEY (tournament);


--
-- Name: scores_pkey; Type: CONSTRAINT; Schema: public; Owner: drbean; Tablespace: 
--

ALTER TABLE ONLY scores
    ADD CONSTRAINT scores_pkey PRIMARY KEY (tournament, player);


--
-- Name: sessions_pkey; Type: CONSTRAINT; Schema: public; Owner: drbean; Tablespace: 
--

ALTER TABLE ONLY sessions
    ADD CONSTRAINT sessions_pkey PRIMARY KEY (id);


--
-- Name: tournament_pkey; Type: CONSTRAINT; Schema: public; Owner: drbean; Tablespace: 
--

ALTER TABLE ONLY tournament
    ADD CONSTRAINT tournament_pkey PRIMARY KEY (arbiter);


--
-- Name: tournaments_pkey; Type: CONSTRAINT; Schema: public; Owner: drbean; Tablespace: 
--

ALTER TABLE ONLY tournaments
    ADD CONSTRAINT tournaments_pkey PRIMARY KEY (id);


--
-- Name: firstrounds_idx_player; Type: INDEX; Schema: public; Owner: drbean; Tablespace: 
--

CREATE INDEX firstrounds_idx_player ON firstrounds USING btree (player);


--
-- Name: floats_idx_player; Type: INDEX; Schema: public; Owner: drbean; Tablespace: 
--

CREATE INDEX floats_idx_player ON floats USING btree (player);


--
-- Name: floats_idx_tournament; Type: INDEX; Schema: public; Owner: drbean; Tablespace: 
--

CREATE INDEX floats_idx_tournament ON floats USING btree (tournament);


--
-- Name: members_idx_player; Type: INDEX; Schema: public; Owner: drbean; Tablespace: 
--

CREATE INDEX members_idx_player ON members USING btree (player);


--
-- Name: members_idx_tournament; Type: INDEX; Schema: public; Owner: drbean; Tablespace: 
--

CREATE INDEX members_idx_tournament ON members USING btree (tournament);


--
-- Name: opponents_idx_opponent; Type: INDEX; Schema: public; Owner: drbean; Tablespace: 
--

CREATE INDEX opponents_idx_opponent ON opponents USING btree (opponent);


--
-- Name: opponents_idx_player; Type: INDEX; Schema: public; Owner: drbean; Tablespace: 
--

CREATE INDEX opponents_idx_player ON opponents USING btree (player);


--
-- Name: opponents_idx_tournament; Type: INDEX; Schema: public; Owner: drbean; Tablespace: 
--

CREATE INDEX opponents_idx_tournament ON opponents USING btree (tournament);


--
-- Name: pairingnumbers_idx_player; Type: INDEX; Schema: public; Owner: drbean; Tablespace: 
--

CREATE INDEX pairingnumbers_idx_player ON pairingnumbers USING btree (player);


--
-- Name: pairingnumbers_idx_tournament; Type: INDEX; Schema: public; Owner: drbean; Tablespace: 
--

CREATE INDEX pairingnumbers_idx_tournament ON pairingnumbers USING btree (tournament);


--
-- Name: ratings_idx_player; Type: INDEX; Schema: public; Owner: drbean; Tablespace: 
--

CREATE INDEX ratings_idx_player ON ratings USING btree (player);


--
-- Name: ratings_idx_tournament; Type: INDEX; Schema: public; Owner: drbean; Tablespace: 
--

CREATE INDEX ratings_idx_tournament ON ratings USING btree (tournament);


--
-- Name: roles_idx_player; Type: INDEX; Schema: public; Owner: drbean; Tablespace: 
--

CREATE INDEX roles_idx_player ON roles USING btree (player);


--
-- Name: roles_idx_tournament; Type: INDEX; Schema: public; Owner: drbean; Tablespace: 
--

CREATE INDEX roles_idx_tournament ON roles USING btree (tournament);


--
-- Name: scores_idx_player; Type: INDEX; Schema: public; Owner: drbean; Tablespace: 
--

CREATE INDEX scores_idx_player ON scores USING btree (player);


--
-- Name: scores_idx_tournament; Type: INDEX; Schema: public; Owner: drbean; Tablespace: 
--

CREATE INDEX scores_idx_tournament ON scores USING btree (tournament);


--
-- Name: tournament_idx_id; Type: INDEX; Schema: public; Owner: drbean; Tablespace: 
--

CREATE INDEX tournament_idx_id ON tournament USING btree (id);


--
-- Name: firstrounds_fk_player; Type: FK CONSTRAINT; Schema: public; Owner: drbean
--

ALTER TABLE ONLY firstrounds
    ADD CONSTRAINT firstrounds_fk_player FOREIGN KEY (player) REFERENCES players(id) DEFERRABLE;


--
-- Name: firstrounds_fk_tournament_player; Type: FK CONSTRAINT; Schema: public; Owner: drbean
--

ALTER TABLE ONLY firstrounds
    ADD CONSTRAINT firstrounds_fk_tournament_player FOREIGN KEY (tournament, player) REFERENCES members(tournament, player) DEFERRABLE;


--
-- Name: floats_fk_player; Type: FK CONSTRAINT; Schema: public; Owner: drbean
--

ALTER TABLE ONLY floats
    ADD CONSTRAINT floats_fk_player FOREIGN KEY (player) REFERENCES players(id) DEFERRABLE;


--
-- Name: floats_fk_tournament; Type: FK CONSTRAINT; Schema: public; Owner: drbean
--

ALTER TABLE ONLY floats
    ADD CONSTRAINT floats_fk_tournament FOREIGN KEY (tournament) REFERENCES tournaments(id) DEFERRABLE;


--
-- Name: members_fk_player; Type: FK CONSTRAINT; Schema: public; Owner: drbean
--

ALTER TABLE ONLY members
    ADD CONSTRAINT members_fk_player FOREIGN KEY (player) REFERENCES players(id) ON UPDATE CASCADE ON DELETE CASCADE DEFERRABLE;


--
-- Name: members_fk_tournament; Type: FK CONSTRAINT; Schema: public; Owner: drbean
--

ALTER TABLE ONLY members
    ADD CONSTRAINT members_fk_tournament FOREIGN KEY (tournament) REFERENCES tournaments(id) ON UPDATE CASCADE ON DELETE CASCADE DEFERRABLE;


--
-- Name: opponents_fk_opponent; Type: FK CONSTRAINT; Schema: public; Owner: drbean
--

ALTER TABLE ONLY opponents
    ADD CONSTRAINT opponents_fk_opponent FOREIGN KEY (opponent) REFERENCES players(id) DEFERRABLE;


--
-- Name: opponents_fk_player; Type: FK CONSTRAINT; Schema: public; Owner: drbean
--

ALTER TABLE ONLY opponents
    ADD CONSTRAINT opponents_fk_player FOREIGN KEY (player) REFERENCES players(id) ON UPDATE CASCADE ON DELETE CASCADE DEFERRABLE;


--
-- Name: opponents_fk_tournament; Type: FK CONSTRAINT; Schema: public; Owner: drbean
--

ALTER TABLE ONLY opponents
    ADD CONSTRAINT opponents_fk_tournament FOREIGN KEY (tournament) REFERENCES tournaments(id) ON UPDATE CASCADE ON DELETE CASCADE DEFERRABLE;


--
-- Name: pairingnumbers_fk_player; Type: FK CONSTRAINT; Schema: public; Owner: drbean
--

ALTER TABLE ONLY pairingnumbers
    ADD CONSTRAINT pairingnumbers_fk_player FOREIGN KEY (player) REFERENCES players(id) DEFERRABLE;


--
-- Name: pairingnumbers_fk_tournament; Type: FK CONSTRAINT; Schema: public; Owner: drbean
--

ALTER TABLE ONLY pairingnumbers
    ADD CONSTRAINT pairingnumbers_fk_tournament FOREIGN KEY (tournament) REFERENCES tournaments(id) DEFERRABLE;


--
-- Name: ratings_fk_player; Type: FK CONSTRAINT; Schema: public; Owner: drbean
--

ALTER TABLE ONLY ratings
    ADD CONSTRAINT ratings_fk_player FOREIGN KEY (player) REFERENCES players(id) ON UPDATE CASCADE ON DELETE CASCADE DEFERRABLE;


--
-- Name: ratings_fk_tournament; Type: FK CONSTRAINT; Schema: public; Owner: drbean
--

ALTER TABLE ONLY ratings
    ADD CONSTRAINT ratings_fk_tournament FOREIGN KEY (tournament) REFERENCES tournaments(id) ON UPDATE CASCADE ON DELETE CASCADE DEFERRABLE;


--
-- Name: roles_fk_player; Type: FK CONSTRAINT; Schema: public; Owner: drbean
--

ALTER TABLE ONLY roles
    ADD CONSTRAINT roles_fk_player FOREIGN KEY (player) REFERENCES players(id) ON UPDATE CASCADE ON DELETE CASCADE DEFERRABLE;


--
-- Name: roles_fk_tournament; Type: FK CONSTRAINT; Schema: public; Owner: drbean
--

ALTER TABLE ONLY roles
    ADD CONSTRAINT roles_fk_tournament FOREIGN KEY (tournament) REFERENCES tournaments(id) ON UPDATE CASCADE ON DELETE CASCADE DEFERRABLE;


--
-- Name: round_fk_tournament; Type: FK CONSTRAINT; Schema: public; Owner: drbean
--

ALTER TABLE ONLY round
    ADD CONSTRAINT round_fk_tournament FOREIGN KEY (tournament) REFERENCES tournaments(id) ON DELETE CASCADE DEFERRABLE;


--
-- Name: scores_fk_player; Type: FK CONSTRAINT; Schema: public; Owner: drbean
--

ALTER TABLE ONLY scores
    ADD CONSTRAINT scores_fk_player FOREIGN KEY (player) REFERENCES players(id) ON UPDATE CASCADE ON DELETE CASCADE DEFERRABLE;


--
-- Name: scores_fk_tournament; Type: FK CONSTRAINT; Schema: public; Owner: drbean
--

ALTER TABLE ONLY scores
    ADD CONSTRAINT scores_fk_tournament FOREIGN KEY (tournament) REFERENCES tournaments(id) ON UPDATE CASCADE ON DELETE CASCADE DEFERRABLE;


--
-- Name: tournament_fk_id; Type: FK CONSTRAINT; Schema: public; Owner: drbean
--

ALTER TABLE ONLY tournament
    ADD CONSTRAINT tournament_fk_id FOREIGN KEY (id) REFERENCES tournaments(id) DEFERRABLE;


--
-- Name: public; Type: ACL; Schema: -; Owner: postgres
--

REVOKE ALL ON SCHEMA public FROM PUBLIC;
REVOKE ALL ON SCHEMA public FROM postgres;
GRANT ALL ON SCHEMA public TO postgres;
GRANT ALL ON SCHEMA public TO PUBLIC;


--
-- Name: arbiters; Type: ACL; Schema: public; Owner: drbean
--

REVOKE ALL ON TABLE arbiters FROM PUBLIC;
REVOKE ALL ON TABLE arbiters FROM drbean;
GRANT ALL ON TABLE arbiters TO drbean;
GRANT SELECT ON TABLE arbiters TO apache;


--
-- Name: floats; Type: ACL; Schema: public; Owner: drbean
--

REVOKE ALL ON TABLE floats FROM PUBLIC;
REVOKE ALL ON TABLE floats FROM drbean;
GRANT ALL ON TABLE floats TO drbean;
GRANT SELECT ON TABLE floats TO apache;


--
-- Name: matches; Type: ACL; Schema: public; Owner: drbean
--

REVOKE ALL ON TABLE matches FROM PUBLIC;
REVOKE ALL ON TABLE matches FROM drbean;
GRANT ALL ON TABLE matches TO drbean;
GRANT SELECT,INSERT ON TABLE matches TO apache;


--
-- Name: members; Type: ACL; Schema: public; Owner: drbean
--

REVOKE ALL ON TABLE members FROM PUBLIC;
REVOKE ALL ON TABLE members FROM drbean;
GRANT ALL ON TABLE members TO drbean;
GRANT SELECT,UPDATE ON TABLE members TO apache;


--
-- Name: opponents; Type: ACL; Schema: public; Owner: drbean
--

REVOKE ALL ON TABLE opponents FROM PUBLIC;
REVOKE ALL ON TABLE opponents FROM drbean;
GRANT ALL ON TABLE opponents TO drbean;
GRANT SELECT ON TABLE opponents TO apache;


--
-- Name: pairingnumbers; Type: ACL; Schema: public; Owner: drbean
--

REVOKE ALL ON TABLE pairingnumbers FROM PUBLIC;
REVOKE ALL ON TABLE pairingnumbers FROM drbean;
GRANT ALL ON TABLE pairingnumbers TO drbean;
GRANT SELECT,INSERT,UPDATE ON TABLE pairingnumbers TO apache;


--
-- Name: players; Type: ACL; Schema: public; Owner: drbean
--

REVOKE ALL ON TABLE players FROM PUBLIC;
REVOKE ALL ON TABLE players FROM drbean;
GRANT ALL ON TABLE players TO drbean;
GRANT SELECT ON TABLE players TO apache;


--
-- Name: ratings; Type: ACL; Schema: public; Owner: drbean
--

REVOKE ALL ON TABLE ratings FROM PUBLIC;
REVOKE ALL ON TABLE ratings FROM drbean;
GRANT ALL ON TABLE ratings TO drbean;
GRANT SELECT ON TABLE ratings TO apache;


--
-- Name: roles; Type: ACL; Schema: public; Owner: drbean
--

REVOKE ALL ON TABLE roles FROM PUBLIC;
REVOKE ALL ON TABLE roles FROM drbean;
GRANT ALL ON TABLE roles TO drbean;
GRANT SELECT ON TABLE roles TO apache;


--
-- Name: round; Type: ACL; Schema: public; Owner: drbean
--

REVOKE ALL ON TABLE round FROM PUBLIC;
REVOKE ALL ON TABLE round FROM drbean;
GRANT ALL ON TABLE round TO drbean;
GRANT SELECT,UPDATE ON TABLE round TO apache;


--
-- Name: scores; Type: ACL; Schema: public; Owner: drbean
--

REVOKE ALL ON TABLE scores FROM PUBLIC;
REVOKE ALL ON TABLE scores FROM drbean;
GRANT ALL ON TABLE scores TO drbean;
GRANT SELECT ON TABLE scores TO apache;


--
-- Name: sessions; Type: ACL; Schema: public; Owner: drbean
--

REVOKE ALL ON TABLE sessions FROM PUBLIC;
REVOKE ALL ON TABLE sessions FROM drbean;
GRANT ALL ON TABLE sessions TO drbean;
GRANT SELECT,INSERT,DELETE,UPDATE ON TABLE sessions TO apache;


--
-- Name: tournament; Type: ACL; Schema: public; Owner: drbean
--

REVOKE ALL ON TABLE tournament FROM PUBLIC;
REVOKE ALL ON TABLE tournament FROM drbean;
GRANT ALL ON TABLE tournament TO drbean;
GRANT SELECT,INSERT,UPDATE ON TABLE tournament TO apache;


--
-- Name: tournaments; Type: ACL; Schema: public; Owner: drbean
--

REVOKE ALL ON TABLE tournaments FROM PUBLIC;
REVOKE ALL ON TABLE tournaments FROM drbean;
GRANT ALL ON TABLE tournaments TO drbean;
GRANT SELECT,UPDATE ON TABLE tournaments TO apache;


--
-- PostgreSQL database dump complete
--

