--
-- PostgreSQL database dump
--

SET statement_timeout = 0;
SET lock_timeout = 0;
SET client_encoding = 'UTF8';
SET standard_conforming_strings = on;
SET check_function_bodies = false;
SET client_min_messages = warning;

--
-- Name: plpgsql; Type: EXTENSION; Schema: -; Owner: 
--

CREATE EXTENSION IF NOT EXISTS plpgsql WITH SCHEMA pg_catalog;


--
-- Name: EXTENSION plpgsql; Type: COMMENT; Schema: -; Owner: 
--

COMMENT ON EXTENSION plpgsql IS 'PL/pgSQL procedural language';


SET search_path = public, pg_catalog;

SET default_tablespace = '';

SET default_with_oids = false;

--
-- Name: arbiters; Type: TABLE; Schema: public; Owner: drbean; Tablespace: 
--

CREATE TABLE arbiters (
    id character varying(10) NOT NULL,
    name character varying(15) NOT NULL,
    password character varying(50) NOT NULL
);


ALTER TABLE public.arbiters OWNER TO drbean;

--
-- Name: firstrounds; Type: TABLE; Schema: public; Owner: drbean; Tablespace: 
--

CREATE TABLE firstrounds (
    tournament character varying(15) NOT NULL,
    player character varying(10) NOT NULL,
    firstround smallint NOT NULL
);


ALTER TABLE public.firstrounds OWNER TO drbean;

--
-- Name: floats; Type: TABLE; Schema: public; Owner: drbean; Tablespace: 
--

CREATE TABLE floats (
    tournament character varying(15) NOT NULL,
    player character varying(10) NOT NULL,
    "float" character varying(10),
    round smallint NOT NULL
);


ALTER TABLE public.floats OWNER TO drbean;

--
-- Name: leagues; Type: TABLE; Schema: public; Owner: drbean; Tablespace: 
--

CREATE TABLE leagues (
    id character varying(15) NOT NULL,
    name character varying(25) NOT NULL,
    field character varying(25) NOT NULL
);


ALTER TABLE public.leagues OWNER TO drbean;

--
-- Name: matches; Type: TABLE; Schema: public; Owner: drbean; Tablespace: 
--

CREATE TABLE matches (
    tournament character varying(15) NOT NULL,
    round smallint NOT NULL,
    pair smallint NOT NULL,
    white character varying(10) NOT NULL,
    black character varying(10) NOT NULL,
    "float" boolean NOT NULL,
    win character varying(10) NOT NULL,
    forfeit character varying(10) NOT NULL,
    tardy character varying(10) NOT NULL
);


ALTER TABLE public.matches OWNER TO drbean;

--
-- Name: members; Type: TABLE; Schema: public; Owner: drbean; Tablespace: 
--

CREATE TABLE members (
    tournament character varying(15) NOT NULL,
    player character varying(10) NOT NULL,
    absent boolean DEFAULT false NOT NULL,
    firstround smallint NOT NULL
);


ALTER TABLE public.members OWNER TO drbean;

--
-- Name: opponents; Type: TABLE; Schema: public; Owner: drbean; Tablespace: 
--

CREATE TABLE opponents (
    tournament character varying(15) NOT NULL,
    player character varying(10) NOT NULL,
    opponent character varying(15) NOT NULL,
    round smallint NOT NULL
);


ALTER TABLE public.opponents OWNER TO drbean;

--
-- Name: pairingnumbers; Type: TABLE; Schema: public; Owner: drbean; Tablespace: 
--

CREATE TABLE pairingnumbers (
    tournament character varying(15) NOT NULL,
    player character varying(10) NOT NULL,
    value smallint NOT NULL
);


ALTER TABLE public.pairingnumbers OWNER TO drbean;

--
-- Name: players; Type: TABLE; Schema: public; Owner: drbean; Tablespace: 
--

CREATE TABLE players (
    id character varying(10) NOT NULL,
    name character varying(20) NOT NULL
);


ALTER TABLE public.players OWNER TO drbean;

--
-- Name: ratings; Type: TABLE; Schema: public; Owner: drbean; Tablespace: 
--

CREATE TABLE ratings (
    tournament character varying(15) NOT NULL,
    player character varying(10) NOT NULL,
    round smallint DEFAULT 0 NOT NULL,
    value smallint DEFAULT 0 NOT NULL
);


ALTER TABLE public.ratings OWNER TO drbean;

--
-- Name: roles; Type: TABLE; Schema: public; Owner: drbean; Tablespace: 
--

CREATE TABLE roles (
    tournament character varying(15) NOT NULL,
    player character varying(10) NOT NULL,
    role character varying(10) NOT NULL,
    round smallint NOT NULL
);


ALTER TABLE public.roles OWNER TO drbean;

--
-- Name: round; Type: TABLE; Schema: public; Owner: drbean; Tablespace: 
--

CREATE TABLE round (
    tournament character varying(15) NOT NULL,
    value smallint NOT NULL
);


ALTER TABLE public.round OWNER TO drbean;

--
-- Name: scores; Type: TABLE; Schema: public; Owner: drbean; Tablespace: 
--

CREATE TABLE scores (
    tournament character varying(15) NOT NULL,
    player character varying(10) NOT NULL,
    value smallint DEFAULT 0 NOT NULL
);


ALTER TABLE public.scores OWNER TO drbean;

--
-- Name: sessions; Type: TABLE; Schema: public; Owner: drbean; Tablespace: 
--

CREATE TABLE sessions (
    id character(72) NOT NULL,
    session_data character varying(7500),
    expires integer
);


ALTER TABLE public.sessions OWNER TO drbean;

--
-- Name: tournament; Type: TABLE; Schema: public; Owner: drbean; Tablespace: 
--

CREATE TABLE tournament (
    id character varying(15) NOT NULL,
    arbiter character varying(15) NOT NULL
);


ALTER TABLE public.tournament OWNER TO drbean;

--
-- Name: tournaments; Type: TABLE; Schema: public; Owner: drbean; Tablespace: 
--

CREATE TABLE tournaments (
    id character varying(15) NOT NULL,
    name character varying(15) NOT NULL,
    description character varying(100) NOT NULL,
    arbiter character varying(15) NOT NULL,
    rounds smallint
);


ALTER TABLE public.tournaments OWNER TO drbean;

--
-- Data for Name: arbiters; Type: TABLE DATA; Schema: public; Owner: drbean
--

COPY arbiters (id, name, password) FROM stdin;
193001	DrBean	ok
\.


--
-- Data for Name: firstrounds; Type: TABLE DATA; Schema: public; Owner: drbean
--

COPY firstrounds (tournament, player, firstround) FROM stdin;
\.


--
-- Data for Name: floats; Type: TABLE DATA; Schema: public; Owner: drbean
--

COPY floats (tournament, player, "float", round) FROM stdin;
\.


--
-- Data for Name: leagues; Type: TABLE DATA; Schema: public; Owner: drbean
--

COPY leagues (id, name, field) FROM stdin;
\.


--
-- Data for Name: matches; Type: TABLE DATA; Schema: public; Owner: drbean
--

COPY matches (tournament, round, pair, white, black, "float", win, forfeit, tardy) FROM stdin;
FLA0022	1	21	V0016058	Bye	t	White	None	None
FLA0017	2	1	V0041040	V0141028	t	Both	None	None
MB2	1	6	N02200001	N02202102	f	Black	None	None
FLA0017	2	2	V0141023	V0141029	t	Both	None	None
FLA0017	2	3	V0141019	V0141003	f	Both	None	None
FLA0017	2	4	V0141016	V0041055	f	Both	None	None
FLA0017	2	5	V0141021	V0141017	f	Both	None	None
FLA0017	2	6	V0141009	V0141035	f	White	None	None
FLA0017	2	7	V0141012	V0141022	f	White	None	None
FLA0017	2	8	V0141011	V0141018	f	Both	None	None
FLA0017	2	9	V0141026	V0141025	f	Both	None	None
FLA0017	2	0	V0141008	Bye	t	White	None	None
MB2	1	4	N02200057	N02200032	f	Black	None	None
MB2	1	2	N02200045	N99200030	f	White	None	None
MB2	1	5	N02200016	N02200003	f	Both	None	None
MB2	1	1	N02200040	N02200024	f	White	None	None
MB2	1	3	N02200049	N02200028	f	Both	None	None
MB2	1	0	N02200020	N02200009	f	Both	None	None
FLA0015	1	0	V0241026	V0241012	f	Both	None	None
FLA0015	1	1	V0241018	V0241031	f	Both	None	None
FLA0015	1	2	V0141001	V0241032	f	Both	None	None
FLA0015	1	3	V0241014	V0241022	f	Both	None	None
FLA0017	1	4	V0141022	V0141021	f	Both	None	None
FLA0017	1	2	V0041055	V0141009	f	Both	None	None
FLA0017	1	6	V0141017	V0141012	f	Both	None	None
FLA0017	1	1	V0141029	V0141026	f	Black	None	None
FLA0017	1	7	V0141018	V0141016	f	Both	None	None
FLA0017	1	3	V0141035	V0141002	f	Both	None	None
FLA0017	1	5	V0141003	V0141001	f	Both	None	None
FLA0017	1	8	V0141011	V0141019	f	Both	None	None
FLA0017	1	9	V0141028	V0141023	f	Both	None	Both
2L2	1	13	B02200039	Bye	t	White	None	White
2L2	1	0	B02200068	B01140112	f	Both	None	None
2L2	1	12	B02200076	B03202203	f	Both	None	None
2L2	1	6	B02200066	B02200102	f	Both	None	None
2L2	1	4	B02200013	B02200062	f	White	None	None
2L2	1	1	B02200058	B02200017	f	Both	None	None
2L2	1	7	B02200005	B02200035	f	Black	None	None
2L2	1	11	B01140060	B02200090	f	Both	None	None
2L2	1	9	B02200072	B02200031	f	Both	None	None
2L2	1	2	B02200098	B01140007	f	Both	None	None
FLA0017	1	10	V0141025	Bye	t	White	None	None
FLA0022	1	1	V9941076	V9941060	f	Both	None	None
FLA0022	1	15	V0141061	V0141028	f	Black	None	None
FLA0022	1	4	V0041015	V0141050	f	Both	None	None
FLA0022	1	19	V0041047	V0141037	f	Black	None	None
FLA0022	1	16	V0041046	V0141036	f	Black	None	None
FLA0022	1	2	V0141049	V0141016	f	Both	None	None
FLA0022	1	17	V0141012	V0141017	f	Black	None	None
FLA0022	1	12	V0141003	V0041062	f	Both	None	None
FLA0022	1	13	V0041012	V0041005	f	Both	None	None
FLA0022	1	14	V0141052	V9941075	f	Black	None	Black
FLA0022	1	6	V0141026	V0141064	f	White	None	None
FLA0022	1	9	V0141035	V0141002	f	Black	None	None
FLA0022	1	8	V0041055	V0141038	f	Both	None	None
FLA0022	1	3	V0141054	V0141048	f	Black	None	None
FLA0022	1	10	V0141055	V0141059	f	Black	None	None
FLA0022	1	7	V0141009	V0041058	f	White	None	None
FLA0022	1	11	V0141021	V0141046	f	Black	None	None
FLA0022	1	5	V0141029	V0141025	f	Black	None	None
FLA0022	1	20	V0141011	V9741022	f	Both	None	None
FLA0015	2	0	V0241020	V0241029	f	Both	None	None
FLA0015	2	1	V0241001	V0241024	f	Black	None	None
FLA0015	2	2	V0241030	V0241017	f	Both	None	None
FLA0015	2	3	V0241031	V0141001	f	Both	None	None
FLA0022	2	0	V0141058	V0141008	f	White	None	None
FLA0022	2	1	V9941065	V0141060	f	Black	None	None
FLA0022	2	2	V0141023	V0141022	f	Black	None	None
FLA0022	2	3	V9941014	V0141053	f	Both	None	None
FLA0022	2	4	V0041064	V0141041	f	White	None	None
FLA0022	2	5	V9941075	V0141035	t	Both	None	None
FLA0022	2	6	V0141012	V0141055	f	White	None	None
FLA0022	2	7	V0041047	V0041046	f	Both	None	None
FLA0022	2	8	V0041058	V0141052	f	Black	None	None
FLA0022	2	9	V0141054	V0141061	f	Both	None	None
FLA0022	2	10	V0141064	V0141021	f	Both	None	None
FLA0022	2	11	V9941060	V0141011	f	White	None	None
FLA0022	2	12	V0141038	V0141049	f	Black	None	None
FLA0022	2	13	V0041062	V0041015	f	White	None	None
FLA0022	2	14	V0141016	V0041055	f	Black	None	None
FLA0022	2	15	V0141050	V0041012	f	Both	None	None
FLA0022	2	16	V0041005	V0141003	f	White	None	None
FLA0022	2	17	V0141028	V9941076	t	Black	None	None
FLA0022	2	18	V0141002	V0141046	f	Both	None	None
FLA0015	2	4	V0241012	V0241014	f	Both	None	None
FLA0015	2	5	V0241022	V0241026	f	Both	None	None
MB2	3	4	N02200045	N02200003	t	Black	None	None
MB2	3	3	N02200032	N02200009	t	White	Black	None
MB2	3	5	N02200026	N02200001	t	Black	None	Both
MB2	3	0	N02200043	N02202102	t	White	None	Black
MB2	3	2	N02200016	N02200040	t	Black	None	White
MB2	3	6	N02200024	N02200028	f	White	None	Both
MB2	3	1	N03202105	N02200057	t	White	None	None
2L2	3	0	B02200023	Bye	t	White	None	None
FLA0022	2	19	V0141017	V0141026	f	Black	None	None
FLA0022	2	20	V0141037	V0141059	f	Both	None	None
FLA0022	2	21	V0141048	V0141009	f	Both	None	None
MB2	2	4	N02200009	N02200049	t	White	None	None
MB2	2	5	N02200032	N02200045	t	Black	None	None
MB2	2	3	N02200003	N02200020	f	White	None	None
MB2	2	1	N02200024	N02200011	t	Black	None	None
MB2	2	7	N02200001	N02200016	t	Black	None	Both
MB2	2	0	N02200026	N03202105	f	Black	None	None
MB2	2	6	N02200057	N02202102	t	White	None	White
MB2	2	2	N02200028	N99200030	f	White	None	None
2L2	2	11	B02200035	B02200013	f	Both	None	None
2L2	2	9	B02200031	B02200076	f	Black	None	None
2L2	2	1	B02200086	B02200106	f	Both	None	None
2L2	2	5	B03202203	B02200058	f	Both	None	None
2L2	2	3	B02200062	B02200023	t	White	None	None
2L2	2	7	B02200017	B02200072	f	Both	None	None
2L2	2	10	B01140112	B02200039	t	Both	None	None
2L2	2	4	B01140007	B02200005	t	Both	None	None
2L2	2	2	B02200082	B02200094	f	White	None	None
2L2	2	8	B02200090	B02200068	f	Both	None	None
2L2	2	6	B02200102	B02200098	f	White	None	None
2L2	2	0	B02200046	B02200027	f	Both	None	None
2L2	3	1	B02200106	B02200066	f	Black	None	None
2L2	3	2	B02200027	B01140060	f	Both	None	None
2L2	3	3	B02200031	B02200082	t	Both	None	None
2L2	3	4	B02200005	B02200017	t	Both	None	None
2L2	3	5	B02200072	B01140112	f	Both	None	None
2L2	3	6	B02200068	B02200062	f	Both	None	None
2L2	3	7	B03202203	B02200090	f	Both	None	None
2L2	3	8	B02200058	B01140007	f	Both	None	None
2L2	3	9	B02200039	B02200035	f	Black	None	None
2L2	3	10	B02200076	B02200102	f	White	None	None
FLA0017	3	0	V0141049	V0141037	f	Both	None	None
FLA0017	3	1	V0141058	V0141048	f	White	None	None
FLA0017	3	2	V0141055	V0141054	f	Both	None	None
FLA0017	3	3	V0141041	V0141050	f	Both	None	None
FLA0017	3	4	V9941077	V0141052	f	White	None	None
FLA0017	3	5	V0141061	V0141046	f	Black	None	None
FLA0017	3	6	V0141036	V0141053	f	White	None	None
FLA0017	4	0	V0141059	V0141060	f	Unknown	Unknown	Unknown
FLA0017	4	1	V0141038	V0141051	f	Unknown	Unknown	Unknown
FLA0017	4	2	V0141048	V0141061	f	Unknown	Unknown	Unknown
FLA0017	4	3	V0141052	V0141049	t	Unknown	Unknown	Unknown
FLA0017	4	4	V0141037	V0141041	f	Unknown	Unknown	Unknown
FLA0017	4	5	V0141050	V0141055	f	Unknown	Unknown	Unknown
FLA0017	4	6	V0141036	V9941077	f	Unknown	Unknown	Unknown
FLA0017	4	7	V0141046	V0141058	f	Unknown	Unknown	Unknown
FLA0015	3	3	V0241045	V0241039	f	Black	None	None
FLA0015	3	4	V0241038	V0241037	f	Black	None	None
FLA0015	3	1	V0241034	V0241041	f	Black	None	None
FLA0015	3	2	V0241067	V0241066	f	Both	None	None
FLA0015	3	6	V0241064	V0241042	f	Both	None	Both
FLA0015	3	7	V0241046	V0241063	f	Both	None	Both
FLA0015	3	5	V0241033	V0241044	f	Both	None	None
FLA0022	3	0	V0141018	V0041066	f	Black	None	None
FLA0022	3	1	V0141041	V9941065	f	Black	None	None
FLA0022	3	2	V0141053	V0141029	t	White	None	None
FLA0022	3	3	V9741022	V9941014	f	White	None	None
FLA0022	3	4	V0141060	V0141058	f	White	None	None
FLA0022	3	5	V0141036	V9941075	f	Black	None	None
FLA0022	3	6	V0141022	V0141025	f	White	None	None
FLA0022	3	7	V0141055	V0041058	f	White	None	None
FLA0022	3	8	V0041015	V0041047	f	White	None	None
FLA0022	3	9	V0141021	V0141016	f	White	None	None
FLA0022	3	10	V0141003	V0141064	f	White	None	None
FLA0022	3	11	V0141061	V0141012	t	Black	None	None
FLA0022	3	12	V0041012	V0141028	f	Black	None	None
FLA0022	3	13	V0141052	V0141050	f	Black	None	None
FLA0022	3	14	V0041055	V0141017	t	Black	None	None
FLA0022	3	15	V0141059	V0041062	f	White	None	None
FLA0022	3	16	V0141049	V0141048	f	Black	None	None
FLA0022	3	17	V0141009	V0041005	f	White	None	None
FLA0022	3	18	V9941076	V0141037	f	White	None	None
FLA0015	4	0	V0241065	V0241064	t	Unknown	Unknown	Unknown
FLA0015	4	1	V0241046	V0241045	t	Unknown	Unknown	Unknown
FLA0015	4	2	V0241038	V0241034	f	Unknown	Unknown	Unknown
FLA0015	4	3	V0241066	V0241033	t	Unknown	Unknown	Unknown
FLA0015	4	4	V0241041	V0241067	t	Unknown	Unknown	Unknown
FLA0015	4	5	V0241039	V0241037	f	Unknown	Unknown	Unknown
FLA0022	4	6	V0141025	V0141036	f	Unknown	Unknown	Unknown
FLA0022	4	4	V0041046	V0141038	t	Unknown	Unknown	Unknown
FLA0022	4	10	V0141064	V0141060	t	Unknown	Unknown	Unknown
FLA0022	4	9	V0141002	V0041047	t	Unknown	Unknown	Unknown
FLA0022	4	7	V0141046	V9941060	t	Unknown	Unknown	Unknown
FLA0022	4	17	V0041062	V0141049	f	Unknown	Unknown	Unknown
FLA0022	4	20	V0141048	V9941076	t	Unknown	Unknown	Unknown
FLA0022	4	13	V0141016	V0041012	f	Unknown	Unknown	Unknown
FLA0022	4	11	V9941075	V0141022	t	Unknown	Unknown	Unknown
FLA0022	4	12	V0141026	V0141061	t	Unknown	Unknown	Unknown
FLA0022	4	5	V0141058	V9941014	f	Unknown	Unknown	Unknown
FLA0022	4	14	V0141052	V0141055	f	Unknown	Unknown	Unknown
FLA0022	4	3	V0141011	V0141054	f	Unknown	Unknown	Unknown
FLA0022	4	18	V0141037	V0141012	f	Unknown	Unknown	Unknown
FLA0022	4	2	V0141035	V0141041	f	Unknown	Unknown	Unknown
FLA0022	4	16	V0041005	V0041055	f	Unknown	Unknown	Unknown
FLA0022	4	0	V0141018	V0041064	t	Unknown	Unknown	Unknown
FLA0022	4	8	V0041058	V9741022	t	Unknown	Unknown	Unknown
FLA0022	4	15	V0141003	V0041015	f	Unknown	Unknown	Unknown
FLA0022	4	21	V0141008	V9941065	t	Unknown	Unknown	Unknown
FLA0022	4	1	V0041066	V0141029	t	Unknown	Unknown	Unknown
FLA0022	4	19	V0141050	V0141009	t	Unknown	Unknown	Unknown
2L2	4	6	B02200023	B02200005	t	Unknown	Unknown	Unknown
2L2	4	11	B02200062	B02200058	t	Unknown	Unknown	Unknown
2L2	4	12	B02200090	B02200039	t	Unknown	Unknown	Unknown
2L2	4	8	B02200102	B02200072	t	Unknown	Unknown	Unknown
2L2	4	3	B01140060	B02200106	f	Unknown	Unknown	Unknown
2L2	4	5	B02200082	B02200013	f	Unknown	Unknown	Unknown
2L2	4	7	B02200017	B02200031	f	Unknown	Unknown	Unknown
2L2	4	9	B01140112	B03202203	f	Unknown	Unknown	Unknown
2L2	4	2	B02200098	B02200086	t	Unknown	Unknown	Unknown
2L2	4	13	B02200035	B02200076	f	Unknown	Unknown	Unknown
2L2	4	10	B01140007	B02200068	f	Unknown	Unknown	Unknown
2L2	4	4	B02200066	B02200027	t	Unknown	Unknown	Unknown
MB2	4	3	N02200049	N02200024	t	Unknown	Unknown	Unknown
MB2	4	6	N02200003	N02200032	t	Unknown	Unknown	Unknown
MB2	4	0	N02200011	N02200057	t	Unknown	Unknown	Unknown
MB2	4	1	N99200030	N02200043	t	Unknown	Unknown	Unknown
MB2	4	2	N02200020	N02200016	t	Unknown	Unknown	Unknown
MB2	4	4	N02202102	N02200009	t	Unknown	Unknown	Unknown
MB2	4	5	N02200040	N03202105	f	Unknown	Unknown	Unknown
\.


--
-- Data for Name: members; Type: TABLE DATA; Schema: public; Owner: drbean
--

COPY members (tournament, player, absent, firstround) FROM stdin;
FLA0026	V0041046	f	0
FLA0026	V9741022	f	0
FLA0026	V0041005	f	0
FLA0026	V0041007	f	0
FLA0026	V0041010	f	0
FLA0026	V0041012	f	0
FLA0026	V0041015	f	0
FLA0026	V0041028	f	0
FLA0026	V0041033	f	0
FLA0026	V0041035	f	0
FLA0026	V0041042	f	0
FLA0026	V0041050	f	0
FLA0026	V0041055	f	0
FLA0026	V0041058	f	0
FLA0026	V0041062	f	0
FLA0026	V0041064	f	0
FLA0026	V0041066	f	0
FLA0026	V0141064	f	0
FLA0026	V9941014	f	0
FLA0026	V9941060	f	0
FLA0027	V0141060	f	0
FLA0027	V0041005	f	0
FLA0027	V0041008	f	0
FLA0027	V0041009	f	0
FLA0027	V0041012	f	0
FLA0027	V0041015	f	0
FLA0027	V0041019	f	0
FLA0027	V0041028	f	0
FLA0027	V0041035	f	0
FLA0027	V0041036	f	0
FLA0027	V0041040	f	0
FLA0027	V0041042	f	0
FLA0027	V0041045	f	0
FLA0027	V0041046	f	0
FLA0027	V0041047	f	0
FLA0027	V0041062	f	0
FLA0027	V0041066	f	0
FLA0027	V0141042	f	0
FLA0027	V0141062	f	0
FLA0027	V0141063	f	0
FLA0027	V9941014	f	0
FLA0027	V9941060	f	0
FLA0027	V9941065	f	0
FLA0017	V0041022	t	1
FLA0017	V0141001	t	1
FLA0017	V0041040	t	1
FLA0017	V0041055	t	1
FLA0017	V0141028	t	1
FLA0017	V0141029	t	1
FLA0017	V0141002	t	1
FLA0017	V0141016	t	1
FLA0017	V0141008	t	1
FLA0017	V0141011	t	1
FLA0017	V0141021	t	1
FLA0017	V0141012	t	1
FLA0017	V0141003	t	1
FLA0017	V0141035	t	1
FLA0017	V0141009	t	1
FLA0017	V0141022	t	1
FLA0015	V0241022	t	1
FLA0015	V0241031	t	1
FLA0015	V0241013	t	1
FLA0015	V0241020	t	1
FLA0015	V0241029	t	1
FLA0015	V0241004	t	1
FLA0015	V0241001	t	1
FLA0015	V0241018	t	1
FLA0022	V0141023	t	0
MB2	N02200009	f	0
MB2	N02200024	f	0
MB2	N99200030	f	0
MB2	N02200003	f	0
FLA0015	V0241026	t	1
FLA0022	V0141028	t	0
FLA0022	V0141036	f	0
FLA0022	V0141049	f	0
FLA0022	V0141050	f	0
FLA0022	V0141037	f	0
FLA0022	V0141041	f	0
FLA0022	V0141046	f	0
FLA0022	V0141052	f	0
FLA0022	V0141060	f	0
FLA0022	V0141053	t	0
FLA0022	V0141054	f	0
FLA0022	V0141055	f	0
FLA0022	V0141059	t	0
FLA0022	V0141061	f	0
FLA0022	V0141064	f	0
FLA0022	V9941065	t	0
FLA0022	V9941075	f	0
FLA0022	V0041066	f	0
FLA0022	V0141011	f	0
FLA0022	V0141012	f	0
FLA0022	V9941076	f	0
FLA0022	V0141058	f	0
FLA0022	V0141002	f	0
FLA0022	V9941014	f	0
FLA0022	V9741022	f	0
FLA0022	V0041005	f	0
2L2	B02200035	f	0
FLA0022	V0041012	f	0
FLA0015	V0241014	t	1
FLA0015	V0241030	t	1
FLA0015	V0241017	t	1
FLA0017	V0141019	t	1
FLA0022	V0041046	f	0
FLA0022	U0034015	t	0
FLA0022	V0016058	t	0
FLA0022	V0041047	f	0
FLA0022	V0041058	f	0
FLA0022	V0141003	f	0
FLA0022	V0041055	f	0
FLA0022	V0041015	f	0
FLA0022	V0041028	t	0
FLA0022	V0141008	t	0
FLA0022	V0141016	f	0
FLA0022	V0041062	f	0
FLA0022	V0141017	t	0
FLA0022	V0141025	f	0
FLA0022	V0141026	f	0
FLA0022	V0141018	f	0
FLA0022	V0141009	f	0
FLA0022	V0141021	t	0
FLA0022	V0141038	f	0
FLA0022	V0141029	f	0
FLA0022	V0141035	f	0
FLA0017	V0141017	t	1
FLA0017	V0141023	t	1
FLA0015	V0241024	t	1
FLA0017	V0141025	t	1
FLA0017	V0141026	t	1
MB2	N02200026	t	0
MB2	N02200006	t	0
MB2	N02200016	f	0
MB2	N02200011	f	0
MB2	N02200020	f	0
1J0	B03200035	f	0
1J0	B03200052	f	0
1J0	B03200072	f	0
1J0	B03200079	f	0
1J0	B03200004	f	0
1J0	B03200080	f	0
1J0	B03200023	f	0
1J0	B01202104	f	0
1J0	B01202106	f	0
1J0	B99110055	f	0
1J0	B03200003	f	0
1J0	B03200009	f	0
1J0	B03200013	f	0
1J0	B03200017	f	0
1J0	B03200019	f	0
1J0	B03200021	f	0
1J0	B03200025	f	0
1J0	B03200029	f	0
1J0	B03200031	f	0
1J0	B03200037	f	0
1J0	B03200039	f	0
1J0	B03200046	f	0
1J0	B03200048	f	0
1J0	B03200050	f	0
1J0	B03200054	f	0
1J0	B03200056	f	0
1J0	B03200058	f	0
1J0	B03200060	f	0
1J0	B03200062	f	0
1J0	B03200064	f	0
1J0	B03200068	f	0
1J0	B03200070	f	0
1J0	B03200074	f	0
1J0	B03200078	f	0
1J0	B03200082	f	0
1J0	B03200084	f	0
1J0	B03200088	f	0
1J0	B03200092	f	0
1J0	B03200094	f	0
1J0	B03200098	f	0
1J0	B03200100	f	0
1J0	B03200102	f	0
1J0	B03200104	f	0
1J0	B03200106	f	0
1J0	B03200110	f	0
1J0	B03200012	f	0
1J0	B03200022	f	0
1J0	B03200030	f	0
1J0	B03200032	f	0
1J0	B03200040	f	0
1J0	B03200042	f	0
1J0	B03200045	f	0
1J0	B03200051	f	0
1J0	B03200057	f	0
1J0	B03200067	f	0
1J0	B03200071	f	0
1J0	B03200073	f	0
1J0	B03200075	f	0
1J0	B03200083	f	0
1J0	B03200093	f	0
1J0	B03200095	f	0
1J0	B03200097	f	0
1J0	B03200109	f	0
2L2	B02200066	f	0
2L2	B02200005	f	0
2L2	B02200013	f	0
2L2	B02200017	f	0
2L2	B02200023	f	0
2L2	B02200027	f	0
2L2	B02200031	f	0
2L2	B01140112	f	0
FLA0017	V0141059	f	2
2L2	B02200062	f	0
2L2	B01140007	f	0
2L2	B03202203	f	0
2L2	B02200106	f	0
FLA0017	V0141060	f	2
FLA0017	V9941077	f	2
FLA0017	V0141018	t	1
FLA0017	V0141061	f	2
FLA0017	V0141064	t	2
FLA0022	V0041064	f	0
FLA0022	V0141048	f	0
MB2	N02200047	t	0
MB2	N02202102	f	0
MB2	N02200057	t	0
MB2	N03202105	f	0
MB2	N02200045	t	0
MB2	N03202201	t	0
MB2	N02200028	t	0
MB2	N02200001	t	0
MB2	N02200030	t	0
FLA0017	V0141065	t	2
FLA0017	V0141041	f	2
FLA0015	V0241066	f	2
MB2	N02200032	f	0
MB2	N02200040	f	0
FLA0015	V0241037	f	2
FLA0015	V0241038	f	2
2L2	B02200072	f	0
2L2	B02200076	f	0
2L2	B02200082	f	0
2L2	B02200039	f	0
2L2	B02200046	f	0
2L2	B02200050	f	0
2L2	B02200058	f	0
2L2	B02200086	f	0
2L2	B01140060	f	0
2L2	B02200090	f	0
MB2	N02200043	f	0
MB2	N02200049	f	0
2L2	B02200094	f	0
2L2	B02200102	f	0
2L2	B02200098	f	0
2L2	B02200068	f	0
FLA0015	V0241039	f	2
FLA0015	V0241041	f	2
FLA0015	V0241042	t	2
FLA0017	V0141036	f	2
FLA0017	V0141037	f	2
FLA0017	V0141038	f	2
FLA0017	V0141046	f	2
FLA0017	V0141048	f	2
FLA0017	V0141049	f	2
FLA0017	V0141050	f	2
FLA0017	V0141051	f	2
FLA0017	V0141052	f	2
FLA0017	V0141053	t	2
FLA0017	V0141055	f	2
FLA0017	V0141054	t	2
FLA0017	V0141058	f	2
FLA0015	V0241046	f	2
FLA0015	V0241034	f	2
FLA0015	V0241033	f	2
FLA0015	V0241044	t	2
FLA0015	V0241032	t	1
FLA0015	V0141001	t	1
FLA0015	V0241045	f	2
FLA0015	V0241063	t	2
FLA0015	V0241012	t	1
FLA0015	V0241065	f	2
FLA0015	V0241064	f	2
FLA0015	V0241067	f	2
FLA0022	V0141022	f	0
FLA0022	V9941060	f	0
\.


--
-- Data for Name: opponents; Type: TABLE DATA; Schema: public; Owner: drbean
--

COPY opponents (tournament, player, opponent, round) FROM stdin;
\.


--
-- Data for Name: pairingnumbers; Type: TABLE DATA; Schema: public; Owner: drbean
--

COPY pairingnumbers (tournament, player, value) FROM stdin;
MB2	N02200047	21
MB2	N03202201	22
2L2	B02200058	6
2L2	B02200086	24
2L2	B02200050	27
2L2	B02200062	5
2L2	B01140060	23
2L2	B02200090	8
2L2	B02200027	20
2L2	B02200094	25
2L2	B02200068	7
FLA0017	V0041040	20
2L2	B02200102	3
FLA0017	V0141003	15
FLA0017	V0141019	10
FLA0017	V0141038	28
2L2	B02200005	10
FLA0017	V0141001	21
FLA0017	V0141028	16
FLA0017	V0141029	9
FLA0017	V0141002	19
FLA0017	V0141008	17
FLA0017	V0141011	5
FLA0017	V0141016	11
2L2	B02200035	2
2L2	B02200098	21
2L2	B02200017	15
2L2	B02200106	22
2L2	B02200072	14
FLA0017	V0141048	40
FLA0017	V0141046	23
FLA0017	V0141017	12
FLA0017	V0141025	4
FLA0017	V0141035	8
FLA0017	V0141021	7
FLA0017	V0141023	18
FLA0017	V0141026	3
FLA0017	V0141041	38
FLA0017	V0141009	2
FLA0017	V0041055	14
FLA0017	V0141012	1
2L2	B02200076	1
2L2	B02200082	16
2L2	B02200046	26
2L2	B02200039	4
FLA0017	V0141022	13
FLA0017	V0141049	41
FLA0017	V0141036	35
FLA0017	V0141037	33
FLA0015	V0241030	23
FLA0022	V0141023	51
FLA0015	V0241024	24
FLA0015	V0141001	11
FLA0015	V0241018	15
FLA0015	V0241013	31
FLA0015	V0241031	12
FLA0015	V0241001	27
FLA0015	V0241017	26
FLA0015	V0241026	17
MB2	N02200016	17
FLA0015	V0241029	25
FLA0022	V0141026	29
FLA0022	V0141018	49
FLA0022	V0141035	40
FLA0022	V0041064	46
FLA0022	V0141049	13
FLA0022	V0041066	47
FLA0022	V9941065	39
FLA0022	V0141052	10
FLA0022	V0141060	31
FLA0022	V0141022	26
FLA0022	V0141058	38
MB2	N02200009	12
FLA0022	V0141048	4
FLA0022	V9941060	41
2L2	B02200031	12
FLA0022	V0141002	28
FLA0022	V9741022	37
FLA0022	V0041005	16
FLA0022	V0016058	48
FLA0022	V0041058	19
FLA0022	V0041015	17
FLA0022	V0141003	21
FLA0022	U0034015	52
FLA0022	V0041055	20
FLA0022	V0141016	23
FLA0022	V0141017	6
FLA0022	V0141011	44
FLA0022	V0141012	7
FLA0022	V9941076	9
FLA0022	V0141008	50
FLA0022	V0041028	53
FLA0022	V0041062	18
FLA0022	V9941014	35
FLA0022	V0141021	11
FLA0022	V0141025	33
FLA0022	V0141009	3
FLA0022	V0141038	45
FLA0022	V0141028	5
FLA0022	V0141036	27
FLA0022	V0141029	34
FLA0022	V0141050	14
FLA0022	V0041047	22
FLA0022	V0041012	25
FLA0022	V0041046	42
MB2	N02200026	16
MB2	N02200006	19
MB2	N02200020	13
MB2	N02202102	4
MB2	N99200030	9
MB2	N02200024	6
MB2	N03202105	7
MB2	N02200003	2
FLA0022	V0141037	2
FLA0022	V0141041	36
FLA0022	V0141046	32
2L2	B02200023	17
2L2	B01140112	9
2L2	B01140007	13
FLA0022	V0141064	15
FLA0022	V9941075	24
2L2	B02200066	19
MB2	N02200028	8
MB2	N02200057	10
MB2	N02200032	3
MB2	N02200001	14
MB2	N02200040	5
MB2	N02200030	20
MB2	N02200049	11
MB2	N02200043	18
MB2	N02200045	1
FLA0022	V0141053	30
FLA0022	V0141054	43
FLA0022	V0141055	8
FLA0022	V0141059	1
FLA0022	V0141061	12
FLA0017	V0041022	24
2L2	B02200013	18
2L2	B03202203	11
FLA0017	V0141050	30
FLA0017	V0141051	25
FLA0017	V0141052	37
FLA0017	V0141054	31
FLA0017	V0141055	39
FLA0017	V0141058	32
FLA0017	V0141059	27
FLA0017	V0141060	34
FLA0017	V0141061	36
FLA0017	V0141064	42
FLA0017	V0141065	26
FLA0017	V9941077	29
FLA0015	V0241004	30
FLA0015	V0241063	22
FLA0017	V0141018	6
FLA0017	V0141053	22
FLA0015	V0241022	3
FLA0015	V0241020	29
FLA0015	V0241014	4
FLA0015	V0241066	14
FLA0015	V0241037	2
FLA0015	V0241038	6
FLA0015	V0241039	1
FLA0015	V0241041	7
FLA0015	V0241042	21
FLA0015	V0241046	19
FLA0015	V0241034	13
FLA0015	V0241033	9
FLA0015	V0241044	8
FLA0015	V0241032	5
FLA0015	V0241045	10
FLA0015	V0241012	18
FLA0015	V0241065	28
FLA0015	V0241064	20
FLA0015	V0241067	16
MB2	N02200011	15
\.


--
-- Data for Name: players; Type: TABLE DATA; Schema: public; Owner: drbean
--

COPY players (id, name) FROM stdin;
N02200030	PingWei
B02200082	JieNing
B03200095	Darren
N02200024	Joann
N02200001	Mao
B99110055	Emma
B03200102	Dora
V0241012	Ivan
V0041005	Darnell
B03200031	Cathy
V0141061	Sam
B03200109	Lion
V0141025	Vivi
B03200058	Cuny
N02200049	Jane
V0141023	Sandy
B03200088	Jessie
V0041062	Iris
N02200032	Jacky
V0041019	YanSan
B03200021	Philip
B03200003	Annie
B03200009	Rebecca
B03200083	Jane
B02200102	Doris
B03200098	Abby
V0141041	Sunny
B03200093	Jin2
N02202102	Daisy
V0141035	Jane
B02200027	David
V0041035	Lucy
U0034015	Danny
V0141036	Sally
B03200060	Hank
N02200016	Honey
B03200100	Kevin
V0041042	YuWen
V0141042	Christy
B03200042	Connie
V0016058	陳沂園
B03200030	Lillian
B03200062	Lisa1
V0041012	Sing
B03200040	Claire
V0141038	Jessica
B03200017	Alan
V0141019	Louis
B01140112	Lilian
B02200098	Wade
B03200057	Viola2
V9941014	Tony
V0041028	杜珮瑜
N02200043	SiLing
V0241001	Joyce
B02200106	Veronica
N02200006	Jason
B03200097	Marian
V0141063	Joy
N02200020	Judy
V0141058	Michelle
V0141062	Karsten
V0141012	Brian
V0141052	Sara
B03200079	Denny
B03200019	Demi
N03202105	Sophia
V0141017	Peter
N02200057	Peng
B01140007	Julia
B02200039	Jack
V9941065	Bruce
V0141016	Mark
N02200047	YuSyuan
B02200068	Yuki
B03200039	Alice
V0141060	Owen
B03200023	Victoria
B03200074	Cherry2
B03200071	Maggie
B02200072	Cindy
B03200054	Calina
V0141037	Nora
N99200030	XingChan
B03200078	Mandy
V0041010	Charles
B03200012	YiSian
V0041045	JhaoYi
B03200045	Mombala
B03200046	Ariel
B01202104	Johnny
V0041066	馮永碇
V0141001	David
B02200076	Linda
V0141003	Stephanie
B02200017	WenXin
V0141021	Ivy1
V0141022	Ula
B02200090	MengYun
V0241031	Fiona
N02200009	YenHung
B01140060	Anna
V0141059	Ivy2
V0141054	Lydia
B03200080	Ursula
B02200013	Una
B02200062	Trista
V0241014	Josh
N02200011	Sandy
B03200050	Andy
B03200094	Rachel
B02200050	Hamburger
V0141009	Jimmy
B02200031	Pizza
V0141018	Anthony
B03200073	Lisa2
V9941076	MengShiung
V0141046	Amber
V0041033	Eva
V0241029	Lily
V9941060	吳李龍
B01202106	James
V0141053	Abby
V0141002	Uta
B03200056	Tina
B03200075	Joanna2
B03200068	Grace1
V0141029	Kitty
V0241020	Jimmy
V0041058	Vera
V0141011	ALin
B02200046	Sylvia
B03200048	Robby
V0041015	Willy
B03200110	Sharon
B03200013	Viola1
B03200029	Cheney
B03200084	Eason
V0041050	Charlie
N02200003	Korsak
V0141049	Zoe
V0041009	Jack
B03200072	Grace2
B03200082	Simon
N02200028	Pei
V0141028	Carol
B03200067	Jeffrey
V0241024	Abby
B03200064	Michael
B03200070	Joanna1
V0141026	Vicky
B03200052	Lilian
V0041022	Angela
B03200025	Cherry1
N02200045	JiaLing
V0041064	Winny
B03200035	Joe
N03202201	王瑋豪
B02200058	Kate
B02200023	Bruce1
V0141048	Wynn
B02200066	Roger
B03200106	Herry
V0141050	Luna
N02200040	Yang
V0041046	Camuel
V0241017	Andy
N02200026	Xin
B03200037	Irene
V0141055	Trista
B03200032	Lily
V0241004	施其儀
V0241022	Cherry
V0241032	Nancy
V0241013	林弘恩
V0241018	Norman
V0241026	Rita
V0141064	余季穎
B02200005	Davis
B03200004	Katherine
B03200051	Eric
V0041040	施彥菁
V0041047	Ada
V0041008	IYun
V9941075	Brenda
B02200094	Polly
B03200104	Anthony
V0041036	May
V0041007	Oscar
B03200092	Lulu
B03202203	Alice
B02200035	Rachel
B03200022	Cena
V0141008	Grace
B02200086	Mia
V0041055	Vam
V9741022	Nini
V0241030	Irene
V0141051	Anja
V0141065	Bunny
V9941077	Joe
V0241063	Jay
V0241033	Lynn
V0241034	Nina
V0241046	Chuck
V0241044	Catherine
V0241064	Kevin
V0241038	Penny
V0241039	Janice
V0241042	Amber
V0241065	Ali
V0241041	Winnie
V0241045	Sandy
V0241067	Jason
V0241037	Ellie
V0241066	Tina
\.


--
-- Data for Name: ratings; Type: TABLE DATA; Schema: public; Owner: drbean
--

COPY ratings (tournament, player, round, value) FROM stdin;
MB2	N02200030	0	0
2L2	B02200082	0	0
1J0	B03200095	0	0
MB2	N02200024	0	0
MB2	N02200001	0	0
1J0	B99110055	0	0
1J0	B03200102	0	0
FLA0015	V0241012	0	0
FLA0022	V0041005	0	0
1J0	B03200031	0	0
FLA0022	V0141061	0	0
1J0	B03200109	0	0
FLA0017	V0141025	0	0
1J0	B03200058	0	0
MB2	N02200049	0	0
FLA0017	V0141023	0	0
1J0	B03200088	0	0
FLA0022	V0041062	0	0
MB2	N02200032	0	0
FLA0027	V0041019	0	0
FLA0015	V0241004	0	0
1J0	B03200021	0	0
1J0	B03200003	0	0
1J0	B03200009	0	0
1J0	B03200083	0	0
2L2	B02200102	0	0
1J0	B03200098	0	0
FLA0022	V0141041	0	0
1J0	B03200093	0	0
MB2	N02202102	0	0
FLA0017	V0141035	0	0
2L2	B02200027	0	0
FLA0026	V0041035	0	0
FLA0022	U0034015	0	0
FLA0022	V0141036	0	0
1J0	B03200060	0	0
MB2	N02200016	0	0
1J0	B03200100	0	0
FLA0026	V0041042	0	0
FLA0027	V0141042	0	0
1J0	B03200042	0	0
FLA0022	V0016058	0	0
1J0	B03200030	0	0
1J0	B03200062	0	0
FLA0022	V0041012	0	0
1J0	B03200040	0	0
FLA0022	V0141038	0	0
1J0	B03200017	0	0
FLA0017	V0141019	0	0
2L2	B01140112	0	0
2L2	B02200098	0	0
1J0	B03200057	0	0
FLA0022	V9941014	0	0
FLA0022	V0041028	0	0
FLA0015	V0241013	0	0
MB2	N02200043	0	0
FLA0015	V0241001	0	0
2L2	B02200106	0	0
MB2	N02200006	0	0
1J0	B03200097	0	0
FLA0027	V0141063	0	0
MB2	N02200020	0	0
FLA0022	V0141058	0	0
FLA0027	V0141062	0	0
FLA0017	V0141012	0	0
FLA0022	V0141052	0	0
1J0	B03200079	0	0
1J0	B03200019	0	0
MB2	N03202105	0	0
FLA0017	V0141017	0	0
MB2	N02200057	0	0
2L2	B01140007	0	0
2L2	B02200039	0	0
FLA0022	V9941065	0	0
FLA0017	V0141016	0	0
MB2	N02200047	0	0
2L2	B02200068	0	0
1J0	B03200039	0	0
FLA0022	V0141060	0	0
1J0	B03200023	0	0
1J0	B03200074	0	0
1J0	B03200071	0	0
2L2	B02200072	0	0
1J0	B03200054	0	0
FLA0022	V0141037	0	0
MB2	N99200030	0	0
1J0	B03200078	0	0
FLA0026	V0041010	0	0
1J0	B03200012	0	0
FLA0027	V0041045	0	0
1J0	B03200045	0	0
1J0	B03200046	0	0
1J0	B01202104	0	0
FLA0022	V0041066	0	0
FLA0015	V0241030	0	0
FLA0017	V0141001	0	0
2L2	B02200076	0	0
FLA0017	V0141003	0	0
2L2	B02200017	0	0
FLA0017	V0141021	0	0
FLA0017	V0141022	0	0
2L2	B02200090	0	0
FLA0015	V0241022	0	0
FLA0015	V0241031	0	0
MB2	N02200009	0	0
2L2	B01140060	0	0
FLA0022	V0141059	0	0
FLA0022	V0141054	0	0
1J0	B03200080	0	0
2L2	B02200013	0	0
2L2	B02200062	0	0
FLA0015	V0241014	0	0
MB2	N02200011	0	0
1J0	B03200050	0	0
1J0	B03200094	0	0
2L2	B02200050	0	0
FLA0017	V0141009	0	0
2L2	B02200031	0	0
FLA0017	V0141018	0	0
1J0	B03200073	0	0
FLA0022	V9941076	0	0
FLA0022	V0141046	0	0
FLA0026	V0041033	0	0
FLA0015	V0241029	0	0
FLA0022	V9941060	0	0
FLA0015	V0241026	0	0
1J0	B01202106	0	0
FLA0022	V0141053	0	0
FLA0017	V0141002	0	0
1J0	B03200056	0	0
FLA0015	V0241032	0	0
1J0	B03200075	0	0
1J0	B03200068	0	0
FLA0017	V0141029	0	0
FLA0022	V0141064	0	0
FLA0015	V0241020	0	0
FLA0022	V0041058	0	0
FLA0017	V0141011	0	0
2L2	B02200046	0	0
1J0	B03200048	0	0
FLA0022	V0041015	0	0
1J0	B03200110	0	0
1J0	B03200013	0	0
1J0	B03200029	0	0
1J0	B03200084	0	0
FLA0026	V0041050	0	0
MB2	N02200003	0	0
FLA0022	V0141049	0	0
FLA0027	V0041009	0	0
FLA0015	V0241018	0	0
1J0	B03200072	0	0
1J0	B03200082	0	0
MB2	N02200028	0	0
FLA0017	V0141028	0	0
1J0	B03200067	0	0
FLA0015	V0241024	0	0
1J0	B03200064	0	0
1J0	B03200070	0	0
FLA0017	V0141026	0	0
1J0	B03200052	0	0
FLA0017	V0041022	0	0
1J0	B03200025	0	0
MB2	N02200045	0	0
FLA0022	V0041064	0	0
1J0	B03200035	0	0
MB2	N03202201	0	0
2L2	B02200058	0	0
2L2	B02200023	0	0
FLA0022	V0141048	0	0
2L2	B02200066	0	0
1J0	B03200106	0	0
FLA0022	V0141050	0	0
MB2	N02200040	0	0
FLA0022	V0041046	0	0
FLA0015	V0241017	0	0
MB2	N02200026	0	0
1J0	B03200037	0	0
FLA0022	V0141055	0	0
1J0	B03200032	0	0
2L2	B02200005	0	0
1J0	B03200004	0	0
1J0	B03200051	0	0
FLA0017	V0041040	0	0
FLA0022	V0041047	0	0
FLA0027	V0041008	0	0
FLA0022	V9941075	0	0
2L2	B02200094	0	0
1J0	B03200104	0	0
FLA0027	V0041036	0	0
FLA0026	V0041007	0	0
1J0	B03200092	0	0
2L2	B03202203	0	0
2L2	B02200035	0	0
1J0	B03200022	0	0
FLA0017	V0141008	0	0
2L2	B02200086	0	0
FLA0017	V0041055	0	0
FLA0022	V9741022	0	0
FLA0022	V0041055	0	0
FLA0022	V0141002	0	0
FLA0022	V0141003	0	0
FLA0022	V0141008	0	0
FLA0022	V0141009	0	0
FLA0022	V0141011	0	0
FLA0022	V0141012	0	0
FLA0022	V0141016	0	0
FLA0022	V0141017	0	0
FLA0022	V0141018	0	0
FLA0022	V0141021	0	0
FLA0022	V0141022	0	0
FLA0022	V0141023	0	0
FLA0022	V0141025	0	0
FLA0022	V0141026	0	0
FLA0022	V0141028	0	0
FLA0022	V0141029	0	0
FLA0022	V0141035	0	0
FLA0026	V0041046	0	0
FLA0026	V9741022	0	0
FLA0026	V0041005	0	0
FLA0026	V0041012	0	0
FLA0026	V0041015	0	0
FLA0026	V0041028	0	0
FLA0026	V0041055	0	0
FLA0026	V0041058	0	0
FLA0026	V0041062	0	0
FLA0026	V0041064	0	0
FLA0026	V0041066	0	0
FLA0026	V0141064	0	0
FLA0026	V9941014	0	0
FLA0026	V9941060	0	0
FLA0027	V0141060	0	0
FLA0027	V0041005	0	0
FLA0027	V0041012	0	0
FLA0027	V0041015	0	0
FLA0027	V0041028	0	0
FLA0027	V0041035	0	0
FLA0027	V0041040	0	0
FLA0027	V0041042	0	0
FLA0027	V0041046	0	0
FLA0027	V0041047	0	0
FLA0027	V0041062	0	0
FLA0027	V0041066	0	0
FLA0027	V9941014	0	0
FLA0027	V9941060	0	0
FLA0027	V9941065	0	0
FLA0015	V0141001	-1	0
2L2	B02200094	1	27
2L2	B02200027	1	35
2L2	B02200072	1	43
2L2	B01140112	1	52
2L2	B02200046	1	13
2L2	B02200023	1	54
2L2	B02200035	1	45
2L2	B02200082	1	51
2L2	B02200086	1	13
2L2	B02200098	1	37
2L2	B02200005	1	43
2L2	B02200039	1	20
2L2	B02200062	1	20
2L2	B02200076	1	50
2L2	B02200050	1	27
2L2	B02200102	1	45
2L2	B01140007	1	39
2L2	B03202203	1	39
2L2	B02200106	1	36
2L2	B01140060	1	39
2L2	B02200031	1	43
2L2	B02200090	1	46
2L2	B02200068	1	45
2L2	B02200017	1	46
2L2	B02200058	1	45
2L2	B02200013	1	52
2L2	B02200066	1	43
MB2	N02202102	1	53
MB2	N02200030	1	0
MB2	N02200020	1	59
MB2	N02200045	1	61
MB2	N02200049	1	61
MB2	N02200040	1	33
MB2	N02200016	1	71
MB2	N03202201	1	0
MB2	N02200057	1	68
MB2	N02200043	1	65
MB2	N02200003	1	86
MB2	N02200024	1	62
MB2	N02200047	1	0
MB2	N02200009	1	88
MB2	N02200032	1	56
MB2	N02200006	1	0
MB2	N99200030	1	83
MB2	N02200001	1	56
MB2	N03202105	1	27
MB2	N02200028	1	53
MB2	N02200026	1	36
MB2	N02200011	1	88
FLA0022	V0141008	1	80
FLA0022	V0141025	1	73
FLA0022	V0041062	1	85
FLA0022	V0141061	1	96
FLA0022	U0034015	1	0
FLA0022	V0141054	1	71
FLA0022	V0141060	1	91
FLA0022	V0141064	1	96
FLA0022	V0141041	1	96
FLA0022	V0041055	1	48
FLA0022	V0141058	1	20
FLA0022	V0041058	1	48
FLA0022	V9941075	1	64
FLA0022	V0041046	1	95
FLA0022	V0141017	1	100
FLA0022	V9941060	1	32
FLA0022	V9941065	1	20
FLA0022	V0141028	1	69
FLA0022	V0141046	1	77
FLA0022	V0141059	1	98
FLA0022	V0041066	1	95
FLA0022	V0141021	1	76
FLA0022	V0141052	1	96
FLA0022	V0041015	1	91
FLA0022	V0141002	1	100
FLA0022	V0141038	1	52
FLA0022	V0141018	1	96
FLA0022	V0141022	1	96
FLA0022	V0041005	1	92
FLA0022	V9741022	1	92
FLA0022	V0141009	1	100
FLA0022	V0041028	1	0
FLA0022	V0041012	1	52
FLA0022	V0141037	1	100
FLA0022	V0141016	1	92
FLA0022	V9941076	1	92
FLA0022	V0141012	1	36
FLA0022	V0016058	1	75
FLA0022	V9941014	1	96
FLA0022	V0141050	1	92
FLA0022	V0141035	1	36
FLA0022	V0141026	1	80
FLA0022	V0041064	1	60
FLA0022	V0041047	1	36
FLA0022	V0141029	1	95
FLA0022	V0141023	1	50
FLA0022	V0141055	1	92
FLA0022	V0141011	1	90
FLA0022	V0141048	1	100
FLA0022	V0141036	1	95
FLA0022	V0141049	1	91
FLA0022	V0141053	1	59
FLA0022	V0141003	1	53
FLA0017	V0141025	1	78
FLA0017	V0141021	1	73
FLA0017	V0141011	1	73
FLA0017	V0141001	1	70
FLA0017	V0141003	1	52
FLA0017	V0141022	1	94
FLA0017	V0041022	1	20
FLA0017	V0041040	1	87
FLA0017	V0141029	1	91
FLA0017	V0141009	1	93
FLA0017	V0141008	1	80
FLA0017	V0141016	1	92
FLA0017	V0141002	1	95
FLA0017	V0141019	1	82
FLA0017	V0141023	1	81
FLA0017	V0141012	1	34
FLA0017	V0141018	1	94
FLA0017	V0141026	1	75
FLA0017	V0141035	1	54
FLA0017	V0041055	1	71
FLA0017	V0141017	1	93
FLA0017	V0141028	1	85
FLA0015	V0241031	1	63
FLA0015	V0241032	1	66
FLA0015	V0241020	1	16
FLA0015	V0241013	1	0
FLA0015	V0141001	1	17
FLA0015	V0241017	1	46
FLA0015	V0241018	1	14
FLA0015	V0241004	1	0
FLA0015	V0241014	1	69
FLA0015	V0241030	1	72
FLA0015	V0241029	1	67
FLA0015	V0241012	1	21
FLA0015	V0241022	1	69
FLA0015	V0241024	1	67
FLA0015	V0241001	1	26
FLA0015	V0241026	1	57
FLA0022	V0141052	2	95
FLA0022	V0141046	2	75
FLA0022	V0141026	2	77
FLA0022	V0041058	2	46
FLA0022	V0041028	2	0
FLA0022	V0041047	2	34
FLA0022	V0141048	2	96
FLA0022	V0141016	2	91
FLA0022	V0141059	2	95
FLA0022	V0141022	2	96
FLA0022	V9941075	2	70
FLA0022	V0141053	2	66
FLA0022	V0141028	2	64
FLA0022	V0041055	2	50
FLA0022	V0141064	2	94
FLA0022	V0141058	2	29
FLA0022	V0141050	2	92
FLA0022	V0141002	2	97
FLA0022	V0141021	2	74
FLA0022	V0141060	2	90
FLA0022	V0141009	2	96
FLA0022	V0041012	2	52
FLA0022	V0141038	2	53
FLA0022	V0041066	2	95
FLA0022	V0141036	2	93
FLA0022	V0141037	2	99
FLA0022	V0141003	2	54
FLA0022	V9941060	2	34
FLA0022	V0141008	2	86
FLA0022	V0041005	2	94
FLA0022	V0141018	2	96
FLA0022	V0016058	2	69
FLA0022	V0141055	2	90
FLA0022	V0041064	2	68
FLA0022	V0141041	2	96
FLA0022	V0141011	2	91
FLA0022	V0041015	2	91
FLA0022	V0041062	2	86
FLA0022	V9741022	2	96
FLA0022	V9941014	2	95
FLA0022	V0141029	2	95
FLA0022	V0141049	2	92
FLA0022	V0141017	2	96
FLA0022	V0141012	2	34
FLA0022	V0141025	2	71
FLA0022	V9941076	2	93
FLA0022	V0141061	2	94
FLA0022	V0141054	2	69
FLA0022	U0034015	2	0
FLA0022	V0041046	2	93
FLA0022	V9941065	2	26
FLA0022	V0141035	2	35
FLA0022	V0141023	2	56
2L2	B02200106	2	32
2L2	B02200058	2	86
2L2	B02200035	2	44
2L2	B02200039	2	29
2L2	B02200005	2	56
2L2	B02200013	2	77
2L2	B02200050	2	29
2L2	B02200046	2	18
2L2	B02200068	2	81
2L2	B02200027	2	77
2L2	B02200090	2	85
2L2	B02200066	2	38
2L2	B01140112	2	69
2L2	B02200072	2	47
2L2	B02200076	2	43
2L2	B02200082	2	89
2L2	B02200102	2	71
2L2	B02200031	2	58
2L2	B01140007	2	37
2L2	B02200098	2	47
2L2	B01140060	2	36
2L2	B02200094	2	18
2L2	B02200086	2	23
2L2	B02200017	2	42
2L2	B02200062	2	34
2L2	B03202203	2	55
2L2	B02200023	2	61
FLA0017	V0141021	2	81
FLA0017	V0141016	2	87
FLA0017	V0141002	2	93
FLA0017	V0141029	2	84
FLA0017	V0041040	2	89
FLA0017	V0141025	2	81
FLA0017	V0141035	2	53
FLA0017	V0141026	2	85
FLA0017	V0141003	2	60
FLA0017	V0141012	2	43
FLA0017	V0041022	2	17
FLA0017	V0141009	2	89
FLA0017	V0041055	2	81
FLA0017	V0141023	2	75
FLA0017	V0141028	2	82
FLA0017	V0141018	2	95
FLA0017	V0141017	2	77
FLA0017	V0141008	2	89
FLA0017	V0141019	2	66
FLA0017	V0141011	2	73
FLA0017	V0141001	2	76
FLA0017	V0141022	2	94
FLA0017	V0141036	1	0
FLA0017	V0141037	1	0
FLA0017	V0141038	1	0
FLA0017	V0141041	1	0
FLA0017	V0141046	1	0
FLA0017	V0141048	1	0
FLA0017	V0141049	1	0
FLA0017	V0141050	1	0
FLA0017	V0141051	1	0
FLA0017	V0141052	1	0
FLA0017	V0141053	1	0
FLA0017	V0141054	1	0
FLA0017	V0141055	1	0
FLA0017	V0141058	1	0
FLA0017	V0141059	1	0
FLA0017	V0141060	1	0
FLA0017	V0141061	1	0
FLA0017	V0141064	1	0
FLA0017	V0141065	1	0
FLA0017	V9941077	1	0
FLA0015	V0241033	1	0
FLA0015	V0241034	1	0
FLA0015	V0241037	1	0
FLA0015	V0241038	1	0
FLA0015	V0241039	1	0
FLA0015	V0241041	1	0
FLA0015	V0241042	1	0
FLA0015	V0241044	1	0
FLA0015	V0241045	1	0
FLA0015	V0241046	1	0
FLA0015	V0241063	1	0
FLA0015	V0241064	1	0
FLA0015	V0241065	1	0
FLA0015	V0241066	1	0
FLA0015	V0241067	1	0
FLA0015	V0241066	2	0
FLA0015	V0241039	2	0
FLA0015	V0241012	2	21
FLA0015	V0241032	2	66
FLA0015	V0141001	2	17
FLA0015	V0241022	2	69
FLA0015	V0241030	2	72
FLA0015	V0241018	2	14
FLA0015	V0241063	2	0
FLA0015	V0241045	2	0
FLA0015	V0241042	2	0
FLA0015	V0241024	2	67
FLA0015	V0241064	2	0
FLA0015	V0241038	2	0
FLA0015	V0241037	2	0
FLA0015	V0241029	2	67
FLA0015	V0241017	2	46
FLA0015	V0241031	2	63
FLA0015	V0241067	2	0
FLA0015	V0241013	2	0
FLA0015	V0241014	2	69
FLA0015	V0241020	2	16
FLA0015	V0241001	2	26
FLA0015	V0241004	2	0
FLA0015	V0241044	2	0
FLA0015	V0241034	2	0
FLA0015	V0241065	2	0
FLA0015	V0241033	2	0
FLA0015	V0241046	2	0
FLA0015	V0241041	2	0
FLA0015	V0241026	2	57
MB2	N03202201	2	0
MB2	N02200040	2	67
MB2	N02200049	2	48
MB2	N02200057	2	48
MB2	N02200001	2	49
MB2	N02200020	2	49
MB2	N02200028	2	41
MB2	N02200026	2	37
MB2	N02202102	2	75
MB2	N02200003	2	92
MB2	N99200030	2	83
MB2	N02200043	2	47
MB2	N02200045	2	65
MB2	N02200009	2	92
MB2	N03202105	2	47
MB2	N02200032	2	43
MB2	N02200047	2	0
MB2	N02200016	2	71
MB2	N02200006	2	0
MB2	N02200030	2	0
MB2	N02200024	2	53
MB2	N02200011	2	85
MB2	N02200057	3	48
MB2	N02200009	3	87
MB2	N02200016	3	70
MB2	N02200040	3	67
MB2	N02200011	3	80
MB2	N02200032	3	44
MB2	N02200030	3	0
MB2	N02200003	3	93
MB2	N02200043	3	49
MB2	N99200030	3	84
MB2	N02200024	3	51
MB2	N02200045	3	63
MB2	N02202102	3	72
MB2	N02200020	3	51
MB2	N02200006	3	0
MB2	N02200026	3	35
MB2	N02200028	3	39
MB2	N03202105	3	47
MB2	N02200001	3	47
MB2	N02200047	3	0
MB2	N02200049	3	45
MB2	N03202201	3	0
2L2	B02200066	3	38
2L2	B02200058	3	87
2L2	B02200023	3	76
2L2	B02200017	3	43
2L2	B01140007	3	54
2L2	B02200005	3	70
2L2	B02200050	3	30
2L2	B02200068	3	85
2L2	B02200098	3	43
2L2	B02200090	3	80
2L2	B02200062	3	35
2L2	B02200031	3	55
2L2	B02200027	3	63
2L2	B02200102	3	66
2L2	B02200106	3	38
2L2	B02200076	3	44
2L2	B01140112	3	77
2L2	B03202203	3	66
2L2	B02200072	3	46
2L2	B02200086	3	22
2L2	B02200046	3	15
2L2	B02200082	3	87
2L2	B02200039	3	37
2L2	B02200035	3	44
2L2	B02200094	3	15
2L2	B02200013	3	69
2L2	B01140060	3	33
FLA0015	V0241029	3	67
FLA0015	V0241014	3	69
FLA0015	V0241065	3	22
FLA0015	V0241044	3	21
FLA0015	V0241030	3	72
FLA0015	V0241001	3	26
FLA0015	V0241046	3	20
FLA0015	V0241031	3	63
FLA0015	V0241004	3	0
FLA0015	V0241026	3	57
FLA0015	V0241017	3	46
FLA0015	V0241067	3	10
FLA0015	V0241064	3	20
FLA0015	V0241045	3	19
FLA0015	V0241020	3	16
FLA0015	V0241042	3	18
FLA0015	V0241038	3	22
FLA0015	V0241041	3	22
FLA0015	V0241034	3	22
FLA0015	V0241066	3	20
FLA0015	V0241039	3	23
FLA0015	V0241032	3	66
FLA0015	V0241024	3	67
FLA0015	V0241018	3	14
FLA0015	V0241013	3	0
FLA0015	V0141001	3	17
FLA0015	V0241037	3	22
FLA0015	V0241012	3	21
FLA0015	V0241063	3	4
FLA0015	V0241033	3	19
FLA0015	V0241022	3	69
FLA0022	V9941075	3	70
FLA0022	V0141011	3	53
FLA0022	V0041015	3	77
FLA0022	V0141058	3	55
FLA0022	V0141055	3	94
FLA0022	V0141053	3	79
FLA0022	V0141061	3	94
FLA0022	V0141016	3	85
FLA0022	V0141035	3	33
FLA0022	V0041064	3	74
FLA0022	V0041005	3	77
FLA0022	V0041012	3	63
FLA0022	V0141059	3	93
FLA0022	V0141021	3	85
FLA0022	V0141050	3	92
FLA0022	V9941014	3	88
FLA0022	V0141012	3	59
FLA0022	V0141023	3	60
FLA0022	V0141025	3	63
FLA0022	V0041058	3	66
FLA0022	V0141054	3	66
FLA0022	U0034015	3	0
FLA0022	V0141048	3	85
FLA0022	V0041047	3	44
FLA0022	V0141002	3	84
FLA0022	V0141018	3	97
FLA0022	V0141009	3	85
FLA0022	V0141046	3	68
FLA0022	V0141017	3	81
FLA0022	V0041062	3	70
FLA0022	V0141041	3	83
FLA0022	V0141037	3	96
FLA0022	V0016058	3	58
FLA0022	V0141003	3	60
FLA0022	V9941060	3	32
FLA0022	V0141064	3	82
FLA0022	V0141052	3	88
FLA0022	V0141036	3	85
FLA0022	V0141029	3	92
FLA0022	V0041066	3	72
FLA0022	V0141060	3	76
FLA0022	V0041028	3	0
FLA0022	V0141008	3	86
FLA0022	V9941065	3	40
FLA0022	V0041055	3	63
FLA0022	V0141038	3	47
FLA0022	V9741022	3	76
FLA0022	V0141026	3	80
FLA0022	V9941076	3	93
FLA0022	V0141022	3	89
FLA0022	V0041046	3	79
FLA0022	V0141028	3	82
FLA0022	V0141049	3	93
\.


--
-- Data for Name: roles; Type: TABLE DATA; Schema: public; Owner: drbean
--

COPY roles (tournament, player, role, round) FROM stdin;
\.


--
-- Data for Name: round; Type: TABLE DATA; Schema: public; Owner: drbean
--

COPY round (tournament, value) FROM stdin;
FLA0026	0
FLA0027	0
1J0	0
2L2	4
FLA0017	4
FLA0015	4
FLA0022	4
MB2	4
\.


--
-- Data for Name: scores; Type: TABLE DATA; Schema: public; Owner: drbean
--

COPY scores (tournament, player, value) FROM stdin;
FLA0015	V0241001	0
FLA0015	V0241004	0
FLA0015	V0241013	0
FLA0015	V0241017	0
FLA0015	V0241020	0
FLA0015	V0241024	0
FLA0015	V0241029	0
FLA0015	V0241030	0
FLA0017	V0041022	0
FLA0022	U0034015	0
FLA0022	V0041028	0
FLA0026	V0041046	0
FLA0026	V9741022	0
FLA0026	V0041005	0
FLA0026	V0041007	0
FLA0026	V0041010	0
FLA0026	V0041012	0
FLA0026	V0041015	0
FLA0026	V0041028	0
FLA0026	V0041033	0
FLA0026	V0041035	0
FLA0026	V0041042	0
FLA0026	V0041050	0
FLA0026	V0041055	0
FLA0026	V0041058	0
FLA0026	V0041062	0
FLA0026	V0041064	0
FLA0026	V0041066	0
FLA0026	V0141064	0
FLA0026	V9941014	0
FLA0026	V9941060	0
FLA0027	V0141060	0
FLA0027	V0041005	0
FLA0027	V0041008	0
FLA0027	V0041009	0
FLA0027	V0041012	0
FLA0027	V0041015	0
FLA0027	V0041019	0
FLA0027	V0041028	0
FLA0027	V0041035	0
FLA0027	V0041036	0
FLA0027	V0041040	0
FLA0027	V0041042	0
FLA0027	V0041045	0
FLA0027	V0041046	0
FLA0027	V0041047	0
FLA0027	V0041062	0
FLA0027	V0041066	0
FLA0027	V0141042	0
FLA0027	V0141062	0
FLA0027	V0141063	0
FLA0027	V9941014	0
FLA0027	V9941060	0
FLA0027	V9941065	0
2L2	B02200050	0
MB2	N02200006	0
MB2	N02200030	0
2L2	B01140112	12
2L2	B02200005	12
2L2	B02200017	12
2L2	B02200013	9
2L2	B02200023	9
2L2	B02200027	8
2L2	B02200058	12
2L2	B02200046	4
2L2	B02200066	9
2L2	B02200068	12
2L2	B02200072	12
2L2	B02200076	14
2L2	B02200082	9
2L2	B02200090	12
2L2	B02200094	4
FLA0022	V0141058	8
MB2	N02200003	12
MB2	N02200016	4
MB2	N02200009	6
MB2	N02200011	5
MB2	N02200020	6
MB2	N02200026	5
MB2	N02200028	9
2L2	B01140007	12
MB2	N02200001	6
FLA0022	V0041066	5
FLA0022	V0016058	5
FLA0022	V0041015	11
FLA0022	V0041047	11
FLA0022	V0041046	7
FLA0022	V0041055	11
FLA0022	V0041058	11
FLA0022	V0041062	11
FLA0022	V0141009	13
FLA0022	V0041064	5
FLA0022	V0141008	3
FLA0022	V0141011	7
FLA0022	V0141016	10
FLA0022	V0141017	13
FLA0022	V0141018	4
FLA0022	V0141022	9
FLA0022	V0141025	9
FLA0022	V0141028	13
FLA0022	V0141029	8
FLA0022	V0141035	8
FLA0022	V0141037	13
FLA0022	V0141041	8
FLA0022	V0141038	6
FLA0022	V0141049	11
FLA0022	V0141050	11
FLA0022	V0141052	12
FLA0022	V0141053	9
FLA0022	V0141055	12
FLA0022	V0141054	7
FLA0022	V0141059	14
FLA0022	V0141060	9
FLA0022	V0141061	11
FLA0022	V9941065	8
2L2	B01140060	8
FLA0017	V0141008	5
FLA0017	V0141001	3
FLA0017	V0141002	4
FLA0017	V0141009	9
FLA0017	V0141011	8
FLA0017	V0141012	9
FLA0017	V0141016	8
FLA0017	V0141017	8
FLA0017	V0141019	8
FLA0017	V0141021	8
FLA0017	V0141022	8
FLA0017	V0141023	5
FLA0017	V0141025	9
FLA0017	V0141026	9
FLA0017	V0141028	5
FLA0017	V0141029	8
FLA0017	V0141035	8
MB2	N99200030	7
FLA0015	V0241012	2
FLA0015	V0241014	4
FLA0015	V0241022	4
FLA0015	V0241026	2
FLA0015	V0241031	3
FLA0015	V0241032	4
FLA0022	V9741022	8
FLA0022	V0041012	10
FLA0022	V0141002	9
FLA0022	V0141012	13
FLA0022	V0141023	3
FLA0022	V0141026	9
FLA0022	V0141046	9
FLA0022	V9941014	8
FLA0022	V9941075	10
FLA0022	V9941076	12
2L2	B02200035	14
2L2	B02200039	13
2L2	B02200062	13
2L2	B02200086	4
2L2	B02200106	8
2L2	B02200098	8
FLA0017	V0041040	4
FLA0017	V0041055	8
MB2	N02200024	9
MB2	N02200032	11
FLA0022	V0041005	11
FLA0022	V0141021	12
MB2	N02200047	0
MB2	N03202201	0
1J0	B03200035	0
1J0	B03200052	0
1J0	B03200072	0
1J0	B03200079	0
1J0	B03200004	0
1J0	B03200080	0
1J0	B03200023	0
1J0	B01202104	0
1J0	B01202106	0
1J0	B99110055	0
1J0	B03200003	0
1J0	B03200009	0
1J0	B03200013	0
1J0	B03200017	0
1J0	B03200019	0
1J0	B03200021	0
1J0	B03200025	0
1J0	B03200029	0
1J0	B03200031	0
1J0	B03200037	0
1J0	B03200039	0
1J0	B03200046	0
1J0	B03200048	0
1J0	B03200050	0
1J0	B03200054	0
1J0	B03200056	0
1J0	B03200058	0
1J0	B03200060	0
1J0	B03200062	0
1J0	B03200064	0
1J0	B03200068	0
1J0	B03200070	0
1J0	B03200074	0
1J0	B03200078	0
1J0	B03200082	0
1J0	B03200084	0
1J0	B03200088	0
1J0	B03200092	0
1J0	B03200094	0
1J0	B03200098	0
1J0	B03200100	0
1J0	B03200102	0
1J0	B03200104	0
1J0	B03200106	0
1J0	B03200110	0
1J0	B03200012	0
1J0	B03200022	0
1J0	B03200030	0
1J0	B03200032	0
1J0	B03200040	0
1J0	B03200042	0
1J0	B03200045	0
1J0	B03200051	0
1J0	B03200057	0
1J0	B03200067	0
1J0	B03200071	0
1J0	B03200073	0
1J0	B03200075	0
1J0	B03200083	0
1J0	B03200093	0
1J0	B03200095	0
1J0	B03200097	0
1J0	B03200109	0
FLA0015	V0141001	4
FLA0015	V0241018	3
FLA0022	V9941060	8
FLA0017	V0141003	7
FLA0017	V0141018	8
FLA0015	V0241065	0
MB2	N02200049	7
MB2	N02200040	9
MB2	N02200043	4
MB2	N02200045	14
MB2	N02200057	7
MB2	N02202102	10
MB2	N03202105	9
2L2	B03202203	12
2L2	B02200031	12
2L2	B02200102	13
FLA0015	V0241033	4
FLA0015	V0241034	3
FLA0015	V0241037	5
FLA0015	V0241038	4
FLA0015	V0241039	5
FLA0015	V0241041	4
FLA0015	V0241042	1
FLA0015	V0241044	4
FLA0015	V0241045	4
FLA0015	V0241046	1
FLA0015	V0241063	1
FLA0015	V0241064	1
FLA0015	V0241066	3
FLA0015	V0241067	3
FLA0022	V0141003	11
FLA0022	V0141036	9
FLA0022	V0141048	13
FLA0022	V0141064	11
\.


--
-- Data for Name: sessions; Type: TABLE DATA; Schema: public; Owner: drbean
--

COPY sessions (id, session_data, expires) FROM stdin;
session:d190b00f5b4a0ada8a4c986615dc910ef12f1832                        	BQkDAAAABwQDAAAAAQoGMTkzMDAxAAAAAmlkAAAABl9fdXNlcgoGMTkzMDAxAAAACmFyYml0ZXJf\naWQKCjE0MjcyODQ2NDcAAAAJX19jcmVhdGVkCVUSo1wAAAAJX191cGRhdGVkCgV1c2VycwAAAAxf\nX3VzZXJfcmVhbG0KB0ZMQTAwMTcAAAAKdG91cm5hbWVudAiBAAAADUZMQTAwMTdfcm91bmQ=\n	1427288428
session:43aff17f8cafa5344111bdfa58ad006f62472105                        	BQkDAAAABwoFdXNlcnMAAAAMX191c2VyX3JlYWxtCgdGTEEwMDE1AAAACnRvdXJuYW1lbnQIgQAA\nAA1GTEEwMDE1X3JvdW5kCVUT5jEAAAAJX191cGRhdGVkCgYxOTMwMDEAAAAKYXJiaXRlcl9pZAQD\nAAAAAQoGMTkzMDAxAAAAAmlkAAAABl9fdXNlcglVE+VFAAAACV9fY3JlYXRlZA==\n	1427371181
session:cee5fbb9562dff38d852b381e3208d0ce5763d8f                        	BQkDAAAABgoGMTkzMDAxAAAACmFyYml0ZXJfaWQKAzJMMgAAAAp0b3VybmFtZW50BAMAAAABCgYx\nOTMwMDEAAAACaWQAAAAGX191c2VyCgoxNDI3MDEzODAwAAAACV9fY3JlYXRlZAlVDoEbAAAACV9f\ndXBkYXRlZAoFdXNlcnMAAAAMX191c2VyX3JlYWxt\n	1427018272
session:3fe7f18d1dbf070610dd8f1080f8c4ee08971fec                        	BQkDAAAABwQDAAAAAQoGMTkzMDAxAAAAAmlkAAAABl9fdXNlcgoFdXNlcnMAAAAMX191c2VyX3Jl\nYWxtCVU44ZgAAAAJX191cGRhdGVkCgdGTEEwMDIyAAAACnRvdXJuYW1lbnQJVTjgOwAAAAlfX2Ny\nZWF0ZWQIggAAAA1GTEEwMDIyX3JvdW5kCgYxOTMwMDEAAAAKYXJiaXRlcl9pZA==\n	1429794732
session:2b66e385eac2718a3353c8b110f0bff92b450789                        	BQkDAAAABgoDMkwyAAAACnRvdXJuYW1lbnQJVSDwlgAAAAlfX3VwZGF0ZWQKBjE5MzAwMQAAAAph\ncmJpdGVyX2lkBAMAAAABCgYxOTMwMDEAAAACaWQAAAAGX191c2VyCgV1c2VycwAAAAxfX3VzZXJf\ncmVhbG0JVSDwjQAAAAlfX2NyZWF0ZWQ=\n	1428227490
session:3b700d6d29b29213f208cca155514d0b9f729647                        	BQkDAAAACwiCAAAACU1CMl9yb3VuZAoBMgAAAA1GTEEwMDE3X3JvdW5kCgEyAAAADUZMQTAwMTVf\ncm91bmQEAwAAAAEKBjE5MzAwMQAAAAJpZAAAAAZfX3VzZXIKATIAAAAJMkwyX3JvdW5kCgoxNDI5\nNTE0NDM2AAAACV9fY3JlYXRlZAoDTUIyAAAACnRvdXJuYW1lbnQKBXVzZXJzAAAADF9fdXNlcl9y\nZWFsbQoBMgAAAA1GTEEwMDIyX3JvdW5kCgYxOTMwMDEAAAAKYXJiaXRlcl9pZAlVNLk1AAAACV9f\ndXBkYXRlZA==\n	1429522245
session:f9c26692da684fc81e5edc02dd06a5a1ed83d4af                        	BQkDAAAABwlVE/uqAAAACV9fdXBkYXRlZAlVE/ocAAAACV9fY3JlYXRlZAoFdXNlcnMAAAAMX191\nc2VyX3JlYWxtBAMAAAABCgYxOTMwMDEAAAACaWQAAAAGX191c2VyCgdGTEEwMDIyAAAACnRvdXJu\nYW1lbnQKBjE5MzAwMQAAAAphcmJpdGVyX2lkCIEAAAANRkxBMDAyMl9yb3VuZA==\n	1427376575
session:12c0a4dd93aafb9a1668ff087529e8b766a0c69b                        	BQkDAAAABwoFdXNlcnMAAAAMX191c2VyX3JlYWxtCIEAAAAJTUIyX3JvdW5kCgNNQjIAAAAKdG91\ncm5hbWVudAQDAAAAAQoGMTkzMDAxAAAAAmlkAAAABl9fdXNlcglVFTJxAAAACV9fY3JlYXRlZAoG\nMTkzMDAxAAAACmFyYml0ZXJfaWQJVRU4CAAAAAlfX3VwZGF0ZWQ=\n	1427458144
session:5188adb77f54b43ab9d74ca36ec656236a6a7616                        	BQkDAAAABwoFdXNlcnMAAAAMX191c2VyX3JlYWxtCVUOhTsAAAAJX191cGRhdGVkCVUOhBwAAAAJ\nX19jcmVhdGVkCgMyTDIAAAAKdG91cm5hbWVudAoGMTkzMDAxAAAACmFyYml0ZXJfaWQIgQAAAAky\nTDJfcm91bmQEAwAAAAEKBjE5MzAwMQAAAAJpZAAAAAZfX3VzZXI=\n	1427018571
session:e6f7839eb2868f7fc9b03bf81870e33dd94f2685                        	BQkDAAAABwoHRkxBMDAxNwAAAAp0b3VybmFtZW50CgV1c2VycwAAAAxfX3VzZXJfcmVhbG0JVRKl\n2gAAAAlfX3VwZGF0ZWQKBjE5MzAwMQAAAAphcmJpdGVyX2lkCIEAAAANRkxBMDAxN19yb3VuZAQD\nAAAAAQoGMTkzMDAxAAAAAmlkAAAABl9fdXNlcglVEqQgAAAACV9fY3JlYXRlZA==\n	1427289074
session:4bd7aafd18122ef0b26faaf49808fbdace656c14                        	BQkDAAAACAoFdXNlcnMAAAAMX191c2VyX3JlYWxtCgNNQjIAAAAKdG91cm5hbWVudAiBAAAADUZM\nQTAwMTVfcm91bmQKCjE0MjczMzk1NzYAAAAJX19jcmVhdGVkCVUTfQUAAAAJX191cGRhdGVkCIEA\nAAAJTUIyX3JvdW5kCgYxOTMwMDEAAAAKYXJiaXRlcl9pZAQDAAAAAQoGMTkzMDAxAAAAAmlkAAAA\nBl9fdXNlcg==\n	1427344149
session:7d5ea84caaa66f1b240841e3f550aaa2505ed466                        	BQkDAAAABwlVNwSJAAAACV9fdXBkYXRlZAoGMTkzMDAxAAAACmFyYml0ZXJfaWQKAzJMMgAAAAp0\nb3VybmFtZW50BAMAAAABCgYxOTMwMDEAAAACaWQAAAAGX191c2VyCVU3A3EAAAAJX19jcmVhdGVk\nCIIAAAAJMkwyX3JvdW5kCgV1c2VycwAAAAxfX3VzZXJfcmVhbG0=\n	1429672606
session:643b97edc8e7c5d498afd7c359abedefbc341ef4                        	BQkDAAAABgQDAAAAAQoGMTkzMDAxAAAAAmlkAAAABl9fdXNlcgoDMkwyAAAACnRvdXJuYW1lbnQK\nBXVzZXJzAAAADF9fdXNlcl9yZWFsbQlVNveUAAAACV9fdXBkYXRlZAoGMTkzMDAxAAAACmFyYml0\nZXJfaWQJVTb3hAAAAAlfX2NyZWF0ZWQ=\n	1429669713
session:1b9b1966ac086f8d38ef764781ae913d7e477c79                        	BQkDAAAABwoKMTQyNzY5OTI1MQAAAAlfX2NyZWF0ZWQEAwAAAAEKBjE5MzAwMQAAAAJpZAAAAAZf\nX3VzZXIKBXVzZXJzAAAADF9fdXNlcl9yZWFsbQoDMkwyAAAACnRvdXJuYW1lbnQKATEAAAAJMkwy\nX3JvdW5kCgYxOTMwMDEAAAAKYXJiaXRlcl9pZAlVGPbrAAAACV9fdXBkYXRlZA==\n	1427703035
session:64cb48db2cd213b03c0f3bf3a4d1f792d231d270                        	BQkDAAAABglVM2NSAAAACV9fY3JlYXRlZAQDAAAAAQoGMTkzMDAxAAAAAmlkAAAABl9fdXNlcglV\nM2NXAAAACV9fdXBkYXRlZAoGMTkzMDAxAAAACmFyYml0ZXJfaWQKBXVzZXJzAAAADF9fdXNlcl9y\nZWFsbQoDMkwyAAAACnRvdXJuYW1lbnQ=\n	1429435166
session:5c9ab94955afccc7eceff66277b8d46be0edb3be                        	BQkDAAAABwoGMTkzMDAxAAAACmFyYml0ZXJfaWQKATEAAAANRkxBMDAyMl9yb3VuZAQDAAAAAQoG\nMTkzMDAxAAAAAmlkAAAABl9fdXNlcgoHRkxBMDAyMgAAAAp0b3VybmFtZW50CVUT+c0AAAAJX191\ncGRhdGVkCgV1c2VycwAAAAxfX3VzZXJfcmVhbG0KCjE0MjczNzIwNTgAAAAJX19jcmVhdGVk\n	1427376093
session:5b3c478ef2d7c089e6df9b4d2b452ec901516031                        	BQkDAAAABwoDMkwyAAAACnRvdXJuYW1lbnQJVTNrVwAAAAlfX3VwZGF0ZWQKBjE5MzAwMQAAAAph\ncmJpdGVyX2lkBAMAAAABCgYxOTMwMDEAAAACaWQAAAAGX191c2VyCVUzZeYAAAAJX19jcmVhdGVk\nCIIAAAAJMkwyX3JvdW5kCgV1c2VycwAAAAxfX3VzZXJfcmVhbG0=\n	1429437379
session:355d79a8cc7c191642e7a85338e1d39bdd1c5dad                        	BQkDAAAABgoFdXNlcnMAAAAMX191c2VyX3JlYWxtBAMAAAABCgYxOTMwMDEAAAACaWQAAAAGX191\nc2VyCVUg8fEAAAAJX19jcmVhdGVkCgYxOTMwMDEAAAAKYXJiaXRlcl9pZAlVIPH3AAAACV9fdXBk\nYXRlZAoDMkwyAAAACnRvdXJuYW1lbnQ=\n	1428228702
session:512126f65784b930d74c6d3ad657ad4d1463f012                        	BQkDAAAABgoGMTkzMDAxAAAACmFyYml0ZXJfaWQKAzJMMgAAAAp0b3VybmFtZW50CVUzX8sAAAAJ\nX19jcmVhdGVkCVUzX9kAAAAJX191cGRhdGVkCgV1c2VycwAAAAxfX3VzZXJfcmVhbG0EAwAAAAEK\nBjE5MzAwMQAAAAJpZAAAAAZfX3VzZXI=\n	1429434369
session:62942836d18bb3990366c3d779dd4e42b763965c                        	BQkDAAAABwoGMTkzMDAxAAAACmFyYml0ZXJfaWQEAwAAAAEKBjE5MzAwMQAAAAJpZAAAAAZfX3Vz\nZXIKB0ZMQTAwMjIAAAAKdG91cm5hbWVudAlVONn7AAAACV9fdXBkYXRlZAiCAAAADUZMQTAwMTVf\ncm91bmQKBXVzZXJzAAAADF9fdXNlcl9yZWFsbQlVOMkbAAAACV9fY3JlYXRlZA==\n	1429792807
session:baee1d395a78ce7dd5903c1955f9582892ddb10b                        	BQkDAAAABwiCAAAADUZMQTAwMTdfcm91bmQKBjE5MzAwMQAAAAphcmJpdGVyX2lkBAMAAAABCgYx\nOTMwMDEAAAACaWQAAAAGX191c2VyCgV1c2VycwAAAAxfX3VzZXJfcmVhbG0KB0ZMQTAwMTcAAAAK\ndG91cm5hbWVudAlVN44MAAAACV9fY3JlYXRlZAlVN49GAAAACV9fdXBkYXRlZA==\n	1429708123
session:974ace7283bcf7a325b000dda3b46976ed2875a2                        	BQkDAAAABwoDTUIyAAAACnRvdXJuYW1lbnQJVTocqQAAAAlfX2NyZWF0ZWQIggAAAAlNQjJfcm91\nbmQJVToepQAAAAlfX3VwZGF0ZWQKBjE5MzAwMQAAAAphcmJpdGVyX2lkBAMAAAABCgYxOTMwMDEA\nAAACaWQAAAAGX191c2VyCgV1c2VycwAAAAxfX3VzZXJfcmVhbG0=\n	1429875897
session:9312135d3c7fe45850a80a79c2b5d9790bfcf30a                        	BQkDAAAABwlVXVoGAAAACV9fdXBkYXRlZAoFdXNlcnMAAAAMX191c2VyX3JlYWxtCgYxOTMwMDEA\nAAAKYXJiaXRlcl9pZAQDAAAAAQoGMTkzMDAxAAAAAmlkAAAABl9fdXNlcgoHRkxBMDAyMgAAAAp0\nb3VybmFtZW50CVVdWVoAAAAJX19jcmVhdGVkCIMAAAANRkxBMDAyMl9yb3VuZA==\n	1432184854
session:90dd9cb7a0873818bbe3c0818472760968a233f1                        	BQkDAAAABwoDTUIyAAAACnRvdXJuYW1lbnQKBjE5MzAwMQAAAAphcmJpdGVyX2lkCVVoP+MAAAAJ\nX19jcmVhdGVkCIMAAAAJTUIyX3JvdW5kBAMAAAABCgYxOTMwMDEAAAACaWQAAAAGX191c2VyCgV1\nc2VycwAAAAxfX3VzZXJfcmVhbG0JVWhAPwAAAAlfX3VwZGF0ZWQ=\n	1432900873
session:d34dd52ee42364042de1d00873e98cdc33eccc6e                        	BQkDAAAABwlVjSkEAAAACV9fY3JlYXRlZAiEAAAACU1CMl9yb3VuZAoDTUIyAAAACnRvdXJuYW1l\nbnQKBjE5MzAwMQAAAAphcmJpdGVyX2lkCVWNLvoAAAAJX191cGRhdGVkCgV1c2VycwAAAAxfX3Vz\nZXJfcmVhbG0EAwAAAAEKBjE5MzAwMQAAAAJpZAAAAAZfX3VzZXI=\n	1435319566
session:2ad573f6974e51182e72c05c2ccc8bc6b1788fc9                        	BQkDAAAABwoKMTQzNTExMTg2OQAAAAlfX2NyZWF0ZWQKBXVzZXJzAAAADF9fdXNlcl9yZWFsbQiE\nAAAACTJMMl9yb3VuZAoGMTkzMDAxAAAACmFyYml0ZXJfaWQJVYoTQgAAAAlfX3VwZGF0ZWQKAzJM\nMgAAAAp0b3VybmFtZW50BAMAAAABCgYxOTMwMDEAAAACaWQAAAAGX191c2Vy\n	1435115862
session:91cf419ed5ab1e101c0eda268a2e399f8c8c5350                        	BQkDAAAABgQDAAAAAQoGMTkzMDAxAAAAAmlkAAAABl9fdXNlcglVZVIoAAAACV9fdXBkYXRlZAoH\nRkxBMDAxNwAAAAp0b3VybmFtZW50CgYxOTMwMDEAAAAKYXJiaXRlcl9pZAoFdXNlcnMAAAAMX191\nc2VyX3JlYWxtCgoxNDMyNzAwNzQwAAAACV9fY3JlYXRlZA==\n	1432707128
session:ba314e98cc1ed5e3d117aedcd2ce3d7f6d977aff                        	BQkDAAAABwQDAAAAAQoGMTkzMDAxAAAAAmlkAAAABl9fdXNlcgoFdXNlcnMAAAAMX191c2VyX3Jl\nYWxtCgYxOTMwMDEAAAAKYXJiaXRlcl9pZAlVZbT3AAAACV9fdXBkYXRlZAlVZbJYAAAACV9fY3Jl\nYXRlZAiDAAAADUZMQTAwMTdfcm91bmQKB0ZMQTAwMTcAAAAKdG91cm5hbWVudA==\n	1432732427
session:8b0cacc5377fc16755e408af4dc25b01adc08839                        	BQkDAAAABwoDMkwyAAAACnRvdXJuYW1lbnQJVWUnbQAAAAlfX2NyZWF0ZWQEAwAAAAEKBjE5MzAw\nMQAAAAJpZAAAAAZfX3VzZXIJVWUqJgAAAAlfX3VwZGF0ZWQKBjE5MzAwMQAAAAphcmJpdGVyX2lk\nCIMAAAAJMkwyX3JvdW5kCgV1c2VycwAAAAxfX3VzZXJfcmVhbG0=\n	1432696890
session:7465d7625a11959e9c506bdeddf1a697b1428428                        	BQkDAAAABwlVi/EVAAAACV9fdXBkYXRlZAlVi+97AAAACV9fY3JlYXRlZAiEAAAADUZMQTAwMjJf\ncm91bmQKBXVzZXJzAAAADF9fdXNlcl9yZWFsbQoGMTkzMDAxAAAACmFyYml0ZXJfaWQKB0ZMQTAw\nMjIAAAAKdG91cm5hbWVudAQDAAAAAQoGMTkzMDAxAAAAAmlkAAAABl9fdXNlcg==\n	1435238185
session:e2923d48cd0b89bd016a149ee66d960f1c8b9c71                        	BQkDAAAABwiDAAAADUZMQTAwMTdfcm91bmQKBXVzZXJzAAAADF9fdXNlcl9yZWFsbQQDAAAAAQoG\nMTkzMDAxAAAAAmlkAAAABl9fdXNlcglVZa9kAAAACV9fY3JlYXRlZAlVZa/RAAAACV9fdXBkYXRl\nZAoGMTkzMDAxAAAACmFyYml0ZXJfaWQKB0ZMQTAwMTcAAAAKdG91cm5hbWVudA==\n	1432731105
session:eabe4d48321bdee1111677b1ed898527b088f029                        	BQkDAAAABwQDAAAAAQoGMTkzMDAxAAAAAmlkAAAABl9fdXNlcgiDAAAACTJMMl9yb3VuZAoFdXNl\ncnMAAAAMX191c2VyX3JlYWxtCgYxOTMwMDEAAAAKYXJiaXRlcl9pZAoDMkwyAAAACnRvdXJuYW1l\nbnQJVWUjqgAAAAlfX3VwZGF0ZWQJVWUiKQAAAAlfX2NyZWF0ZWQ=\n	1432695231
session:f451cc2a3df2061e69b35c02678e1ec874524282                        	BQkDAAAABwQDAAAAAQoGMTkzMDAxAAAAAmlkAAAABl9fdXNlcgoHRkxBMDAyMgAAAAp0b3VybmFt\nZW50CgYxOTMwMDEAAAAKYXJiaXRlcl9pZAiDAAAADUZMQTAwMjJfcm91bmQJVV3NPQAAAAlfX3Vw\nZGF0ZWQJVV3KhwAAAAlfX2NyZWF0ZWQKBXVzZXJzAAAADF9fdXNlcl9yZWFsbQ==\n	1432214354
session:12f10fb0d574edeb884f86ce8ab615cecdd6d0ff                        	BQkDAAAABwiEAAAADUZMQTAwMTdfcm91bmQKBjE5MzAwMQAAAAphcmJpdGVyX2lkCVWKoEsAAAAJ\nX191cGRhdGVkBAMAAAABCgYxOTMwMDEAAAACaWQAAAAGX191c2VyCgoxNDM1MTQ3Nzc5AAAACV9f\nY3JlYXRlZAoHRkxBMDAxNwAAAAp0b3VybmFtZW50CgV1c2VycwAAAAxfX3VzZXJfcmVhbG0=\n	1435151968
session:ffcb3c6e28601a2319c0ce69d90502158ef2ef2f                        	BQkDAAAABglVZva1AAAACV9fdXBkYXRlZAQDAAAAAQoGMTkzMDAxAAAAAmlkAAAABl9fdXNlcgoG\nMTkzMDAxAAAACmFyYml0ZXJfaWQKB0ZMQTAwMTUAAAAKdG91cm5hbWVudAoKMTQzMjgxMTE3MAAA\nAAlfX2NyZWF0ZWQKBXVzZXJzAAAADF9fdXNlcl9yZWFsbQ==\n	1432814789
session:3537eff9a3780fe86550b9134f6f56435728186d                        	BQkDAAAABwoKMTQzMjc4NjY1NAAAAAlfX2NyZWF0ZWQIgwAAAA1GTEEwMDE1X3JvdW5kCgdGTEEw\nMDE1AAAACnRvdXJuYW1lbnQKBXVzZXJzAAAADF9fdXNlcl9yZWFsbQoGMTkzMDAxAAAACmFyYml0\nZXJfaWQJVWaciQAAAAlfX3VwZGF0ZWQEAwAAAAEKBjE5MzAwMQAAAAJpZAAAAAZfX3VzZXI=\n	1432791705
session:67c136147dc66a04b0ef0b5d5094d2b6f653a4f9                        	BQkDAAAABgoHRkxBMDAxNQAAAAp0b3VybmFtZW50CgV1c2VycwAAAAxfX3VzZXJfcmVhbG0KCjE0\nMzI4MDkxMTkAAAAJX19jcmVhdGVkCVVm7tkAAAAJX191cGRhdGVkCgYxOTMwMDEAAAAKYXJiaXRl\ncl9pZAQDAAAAAQoGMTkzMDAxAAAAAmlkAAAABl9fdXNlcg==\n	1432816039
session:5ab1f0d322a93a1a428830cad1b103b13aae0ed9                        	BQkDAAAABwQDAAAAAQoGMTkzMDAxAAAAAmlkAAAABl9fdXNlcgoGMTkzMDAxAAAACmFyYml0ZXJf\naWQJVYvXygAAAAlfX2NyZWF0ZWQKBXVzZXJzAAAADF9fdXNlcl9yZWFsbQiEAAAADUZMQTAwMTVf\ncm91bmQJVYvaFwAAAAlfX3VwZGF0ZWQKB0ZMQTAwMTUAAAAKdG91cm5hbWVudA==\n	1435232300
\.


--
-- Data for Name: tournament; Type: TABLE DATA; Schema: public; Owner: drbean
--

COPY tournament (id, arbiter) FROM stdin;
MB2	193001
\.


--
-- Data for Name: tournaments; Type: TABLE DATA; Schema: public; Owner: drbean
--

COPY tournaments (id, name, description, arbiter, rounds) FROM stdin;
FLA0026	夜應外大學四甲	科技英文	193001	18
FLA0027	夜應外大學四甲	商務英語簡報	193001	18
1J0	BAF012_網路英文_四技	網路英文	193001	18
2L2	BAF021四技應外二甲	英語會話(ニ)	193001	\N
MB2	NAF021_英語會話(二)	英語會話(二)	193001	\N
FLA0022	夜應外大學三甲	職場英語	193001	\N
FLA0017	夜應外三甲	英語會話(四)	193001	\N
FLA0015	夜應外二甲	英語會話(一)	193001	\N
\.


--
-- Name: arbiters_pkey; Type: CONSTRAINT; Schema: public; Owner: drbean; Tablespace: 
--

ALTER TABLE ONLY arbiters
    ADD CONSTRAINT arbiters_pkey PRIMARY KEY (id);


--
-- Name: firstrounds_pkey; Type: CONSTRAINT; Schema: public; Owner: drbean; Tablespace: 
--

ALTER TABLE ONLY firstrounds
    ADD CONSTRAINT firstrounds_pkey PRIMARY KEY (tournament, player);


--
-- Name: floats_pkey; Type: CONSTRAINT; Schema: public; Owner: drbean; Tablespace: 
--

ALTER TABLE ONLY floats
    ADD CONSTRAINT floats_pkey PRIMARY KEY (tournament, player, round);


--
-- Name: leagues_pkey; Type: CONSTRAINT; Schema: public; Owner: drbean; Tablespace: 
--

ALTER TABLE ONLY leagues
    ADD CONSTRAINT leagues_pkey PRIMARY KEY (id);


--
-- Name: matches_pkey; Type: CONSTRAINT; Schema: public; Owner: drbean; Tablespace: 
--

ALTER TABLE ONLY matches
    ADD CONSTRAINT matches_pkey PRIMARY KEY (tournament, round, pair);


--
-- Name: members_pkey; Type: CONSTRAINT; Schema: public; Owner: drbean; Tablespace: 
--

ALTER TABLE ONLY members
    ADD CONSTRAINT members_pkey PRIMARY KEY (tournament, player);


--
-- Name: opponents_pkey; Type: CONSTRAINT; Schema: public; Owner: drbean; Tablespace: 
--

ALTER TABLE ONLY opponents
    ADD CONSTRAINT opponents_pkey PRIMARY KEY (tournament, player, round);


--
-- Name: pairingnumbers_pkey; Type: CONSTRAINT; Schema: public; Owner: drbean; Tablespace: 
--

ALTER TABLE ONLY pairingnumbers
    ADD CONSTRAINT pairingnumbers_pkey PRIMARY KEY (tournament, player);


--
-- Name: players_pkey; Type: CONSTRAINT; Schema: public; Owner: drbean; Tablespace: 
--

ALTER TABLE ONLY players
    ADD CONSTRAINT players_pkey PRIMARY KEY (id);


--
-- Name: ratings_pkey; Type: CONSTRAINT; Schema: public; Owner: drbean; Tablespace: 
--

ALTER TABLE ONLY ratings
    ADD CONSTRAINT ratings_pkey PRIMARY KEY (player, tournament, round);


--
-- Name: roles_pkey; Type: CONSTRAINT; Schema: public; Owner: drbean; Tablespace: 
--

ALTER TABLE ONLY roles
    ADD CONSTRAINT roles_pkey PRIMARY KEY (tournament, player, round);


--
-- Name: round_pkey; Type: CONSTRAINT; Schema: public; Owner: drbean; Tablespace: 
--

ALTER TABLE ONLY round
    ADD CONSTRAINT round_pkey PRIMARY KEY (tournament);


--
-- Name: scores_pkey; Type: CONSTRAINT; Schema: public; Owner: drbean; Tablespace: 
--

ALTER TABLE ONLY scores
    ADD CONSTRAINT scores_pkey PRIMARY KEY (tournament, player);


--
-- Name: sessions_pkey; Type: CONSTRAINT; Schema: public; Owner: drbean; Tablespace: 
--

ALTER TABLE ONLY sessions
    ADD CONSTRAINT sessions_pkey PRIMARY KEY (id);


--
-- Name: tournament_pkey; Type: CONSTRAINT; Schema: public; Owner: drbean; Tablespace: 
--

ALTER TABLE ONLY tournament
    ADD CONSTRAINT tournament_pkey PRIMARY KEY (arbiter);


--
-- Name: tournaments_pkey; Type: CONSTRAINT; Schema: public; Owner: drbean; Tablespace: 
--

ALTER TABLE ONLY tournaments
    ADD CONSTRAINT tournaments_pkey PRIMARY KEY (id);


--
-- Name: firstrounds_idx_player; Type: INDEX; Schema: public; Owner: drbean; Tablespace: 
--

CREATE INDEX firstrounds_idx_player ON firstrounds USING btree (player);


--
-- Name: floats_idx_player; Type: INDEX; Schema: public; Owner: drbean; Tablespace: 
--

CREATE INDEX floats_idx_player ON floats USING btree (player);


--
-- Name: floats_idx_tournament; Type: INDEX; Schema: public; Owner: drbean; Tablespace: 
--

CREATE INDEX floats_idx_tournament ON floats USING btree (tournament);


--
-- Name: members_idx_player; Type: INDEX; Schema: public; Owner: drbean; Tablespace: 
--

CREATE INDEX members_idx_player ON members USING btree (player);


--
-- Name: members_idx_tournament; Type: INDEX; Schema: public; Owner: drbean; Tablespace: 
--

CREATE INDEX members_idx_tournament ON members USING btree (tournament);


--
-- Name: opponents_idx_opponent; Type: INDEX; Schema: public; Owner: drbean; Tablespace: 
--

CREATE INDEX opponents_idx_opponent ON opponents USING btree (opponent);


--
-- Name: opponents_idx_player; Type: INDEX; Schema: public; Owner: drbean; Tablespace: 
--

CREATE INDEX opponents_idx_player ON opponents USING btree (player);


--
-- Name: opponents_idx_tournament; Type: INDEX; Schema: public; Owner: drbean; Tablespace: 
--

CREATE INDEX opponents_idx_tournament ON opponents USING btree (tournament);


--
-- Name: pairingnumbers_idx_player; Type: INDEX; Schema: public; Owner: drbean; Tablespace: 
--

CREATE INDEX pairingnumbers_idx_player ON pairingnumbers USING btree (player);


--
-- Name: pairingnumbers_idx_tournament; Type: INDEX; Schema: public; Owner: drbean; Tablespace: 
--

CREATE INDEX pairingnumbers_idx_tournament ON pairingnumbers USING btree (tournament);


--
-- Name: ratings_idx_player; Type: INDEX; Schema: public; Owner: drbean; Tablespace: 
--

CREATE INDEX ratings_idx_player ON ratings USING btree (player);


--
-- Name: ratings_idx_tournament; Type: INDEX; Schema: public; Owner: drbean; Tablespace: 
--

CREATE INDEX ratings_idx_tournament ON ratings USING btree (tournament);


--
-- Name: roles_idx_player; Type: INDEX; Schema: public; Owner: drbean; Tablespace: 
--

CREATE INDEX roles_idx_player ON roles USING btree (player);


--
-- Name: roles_idx_tournament; Type: INDEX; Schema: public; Owner: drbean; Tablespace: 
--

CREATE INDEX roles_idx_tournament ON roles USING btree (tournament);


--
-- Name: scores_idx_player; Type: INDEX; Schema: public; Owner: drbean; Tablespace: 
--

CREATE INDEX scores_idx_player ON scores USING btree (player);


--
-- Name: scores_idx_tournament; Type: INDEX; Schema: public; Owner: drbean; Tablespace: 
--

CREATE INDEX scores_idx_tournament ON scores USING btree (tournament);


--
-- Name: tournament_idx_id; Type: INDEX; Schema: public; Owner: drbean; Tablespace: 
--

CREATE INDEX tournament_idx_id ON tournament USING btree (id);


--
-- Name: firstrounds_fk_player; Type: FK CONSTRAINT; Schema: public; Owner: drbean
--

ALTER TABLE ONLY firstrounds
    ADD CONSTRAINT firstrounds_fk_player FOREIGN KEY (player) REFERENCES players(id) DEFERRABLE;


--
-- Name: firstrounds_fk_tournament_player; Type: FK CONSTRAINT; Schema: public; Owner: drbean
--

ALTER TABLE ONLY firstrounds
    ADD CONSTRAINT firstrounds_fk_tournament_player FOREIGN KEY (tournament, player) REFERENCES members(tournament, player) DEFERRABLE;


--
-- Name: floats_fk_player; Type: FK CONSTRAINT; Schema: public; Owner: drbean
--

ALTER TABLE ONLY floats
    ADD CONSTRAINT floats_fk_player FOREIGN KEY (player) REFERENCES players(id) DEFERRABLE;


--
-- Name: floats_fk_tournament; Type: FK CONSTRAINT; Schema: public; Owner: drbean
--

ALTER TABLE ONLY floats
    ADD CONSTRAINT floats_fk_tournament FOREIGN KEY (tournament) REFERENCES tournaments(id) DEFERRABLE;


--
-- Name: members_fk_player; Type: FK CONSTRAINT; Schema: public; Owner: drbean
--

ALTER TABLE ONLY members
    ADD CONSTRAINT members_fk_player FOREIGN KEY (player) REFERENCES players(id) ON UPDATE CASCADE ON DELETE CASCADE DEFERRABLE;


--
-- Name: members_fk_tournament; Type: FK CONSTRAINT; Schema: public; Owner: drbean
--

ALTER TABLE ONLY members
    ADD CONSTRAINT members_fk_tournament FOREIGN KEY (tournament) REFERENCES tournaments(id) ON UPDATE CASCADE ON DELETE CASCADE DEFERRABLE;


--
-- Name: opponents_fk_opponent; Type: FK CONSTRAINT; Schema: public; Owner: drbean
--

ALTER TABLE ONLY opponents
    ADD CONSTRAINT opponents_fk_opponent FOREIGN KEY (opponent) REFERENCES players(id) DEFERRABLE;


--
-- Name: opponents_fk_player; Type: FK CONSTRAINT; Schema: public; Owner: drbean
--

ALTER TABLE ONLY opponents
    ADD CONSTRAINT opponents_fk_player FOREIGN KEY (player) REFERENCES players(id) ON UPDATE CASCADE ON DELETE CASCADE DEFERRABLE;


--
-- Name: opponents_fk_tournament; Type: FK CONSTRAINT; Schema: public; Owner: drbean
--

ALTER TABLE ONLY opponents
    ADD CONSTRAINT opponents_fk_tournament FOREIGN KEY (tournament) REFERENCES tournaments(id) ON UPDATE CASCADE ON DELETE CASCADE DEFERRABLE;


--
-- Name: pairingnumbers_fk_player; Type: FK CONSTRAINT; Schema: public; Owner: drbean
--

ALTER TABLE ONLY pairingnumbers
    ADD CONSTRAINT pairingnumbers_fk_player FOREIGN KEY (player) REFERENCES players(id) DEFERRABLE;


--
-- Name: pairingnumbers_fk_tournament; Type: FK CONSTRAINT; Schema: public; Owner: drbean
--

ALTER TABLE ONLY pairingnumbers
    ADD CONSTRAINT pairingnumbers_fk_tournament FOREIGN KEY (tournament) REFERENCES tournaments(id) DEFERRABLE;


--
-- Name: ratings_fk_player; Type: FK CONSTRAINT; Schema: public; Owner: drbean
--

ALTER TABLE ONLY ratings
    ADD CONSTRAINT ratings_fk_player FOREIGN KEY (player) REFERENCES players(id) ON UPDATE CASCADE ON DELETE CASCADE DEFERRABLE;


--
-- Name: ratings_fk_tournament; Type: FK CONSTRAINT; Schema: public; Owner: drbean
--

ALTER TABLE ONLY ratings
    ADD CONSTRAINT ratings_fk_tournament FOREIGN KEY (tournament) REFERENCES tournaments(id) ON UPDATE CASCADE ON DELETE CASCADE DEFERRABLE;


--
-- Name: roles_fk_player; Type: FK CONSTRAINT; Schema: public; Owner: drbean
--

ALTER TABLE ONLY roles
    ADD CONSTRAINT roles_fk_player FOREIGN KEY (player) REFERENCES players(id) ON UPDATE CASCADE ON DELETE CASCADE DEFERRABLE;


--
-- Name: roles_fk_tournament; Type: FK CONSTRAINT; Schema: public; Owner: drbean
--

ALTER TABLE ONLY roles
    ADD CONSTRAINT roles_fk_tournament FOREIGN KEY (tournament) REFERENCES tournaments(id) ON UPDATE CASCADE ON DELETE CASCADE DEFERRABLE;


--
-- Name: round_fk_tournament; Type: FK CONSTRAINT; Schema: public; Owner: drbean
--

ALTER TABLE ONLY round
    ADD CONSTRAINT round_fk_tournament FOREIGN KEY (tournament) REFERENCES tournaments(id) ON DELETE CASCADE DEFERRABLE;


--
-- Name: scores_fk_player; Type: FK CONSTRAINT; Schema: public; Owner: drbean
--

ALTER TABLE ONLY scores
    ADD CONSTRAINT scores_fk_player FOREIGN KEY (player) REFERENCES players(id) ON UPDATE CASCADE ON DELETE CASCADE DEFERRABLE;


--
-- Name: scores_fk_tournament; Type: FK CONSTRAINT; Schema: public; Owner: drbean
--

ALTER TABLE ONLY scores
    ADD CONSTRAINT scores_fk_tournament FOREIGN KEY (tournament) REFERENCES tournaments(id) ON UPDATE CASCADE ON DELETE CASCADE DEFERRABLE;


--
-- Name: tournament_fk_id; Type: FK CONSTRAINT; Schema: public; Owner: drbean
--

ALTER TABLE ONLY tournament
    ADD CONSTRAINT tournament_fk_id FOREIGN KEY (id) REFERENCES tournaments(id) DEFERRABLE;


--
-- Name: public; Type: ACL; Schema: -; Owner: postgres
--

REVOKE ALL ON SCHEMA public FROM PUBLIC;
REVOKE ALL ON SCHEMA public FROM postgres;
GRANT ALL ON SCHEMA public TO postgres;
GRANT ALL ON SCHEMA public TO PUBLIC;


--
-- Name: arbiters; Type: ACL; Schema: public; Owner: drbean
--

REVOKE ALL ON TABLE arbiters FROM PUBLIC;
REVOKE ALL ON TABLE arbiters FROM drbean;
GRANT ALL ON TABLE arbiters TO drbean;
GRANT SELECT ON TABLE arbiters TO apache;


--
-- Name: floats; Type: ACL; Schema: public; Owner: drbean
--

REVOKE ALL ON TABLE floats FROM PUBLIC;
REVOKE ALL ON TABLE floats FROM drbean;
GRANT ALL ON TABLE floats TO drbean;
GRANT SELECT ON TABLE floats TO apache;


--
-- Name: matches; Type: ACL; Schema: public; Owner: drbean
--

REVOKE ALL ON TABLE matches FROM PUBLIC;
REVOKE ALL ON TABLE matches FROM drbean;
GRANT ALL ON TABLE matches TO drbean;
GRANT SELECT,INSERT ON TABLE matches TO apache;


--
-- Name: members; Type: ACL; Schema: public; Owner: drbean
--

REVOKE ALL ON TABLE members FROM PUBLIC;
REVOKE ALL ON TABLE members FROM drbean;
GRANT ALL ON TABLE members TO drbean;
GRANT SELECT,UPDATE ON TABLE members TO apache;


--
-- Name: opponents; Type: ACL; Schema: public; Owner: drbean
--

REVOKE ALL ON TABLE opponents FROM PUBLIC;
REVOKE ALL ON TABLE opponents FROM drbean;
GRANT ALL ON TABLE opponents TO drbean;
GRANT SELECT ON TABLE opponents TO apache;


--
-- Name: pairingnumbers; Type: ACL; Schema: public; Owner: drbean
--

REVOKE ALL ON TABLE pairingnumbers FROM PUBLIC;
REVOKE ALL ON TABLE pairingnumbers FROM drbean;
GRANT ALL ON TABLE pairingnumbers TO drbean;
GRANT SELECT,INSERT,UPDATE ON TABLE pairingnumbers TO apache;


--
-- Name: players; Type: ACL; Schema: public; Owner: drbean
--

REVOKE ALL ON TABLE players FROM PUBLIC;
REVOKE ALL ON TABLE players FROM drbean;
GRANT ALL ON TABLE players TO drbean;
GRANT SELECT ON TABLE players TO apache;


--
-- Name: ratings; Type: ACL; Schema: public; Owner: drbean
--

REVOKE ALL ON TABLE ratings FROM PUBLIC;
REVOKE ALL ON TABLE ratings FROM drbean;
GRANT ALL ON TABLE ratings TO drbean;
GRANT SELECT ON TABLE ratings TO apache;


--
-- Name: roles; Type: ACL; Schema: public; Owner: drbean
--

REVOKE ALL ON TABLE roles FROM PUBLIC;
REVOKE ALL ON TABLE roles FROM drbean;
GRANT ALL ON TABLE roles TO drbean;
GRANT SELECT ON TABLE roles TO apache;


--
-- Name: round; Type: ACL; Schema: public; Owner: drbean
--

REVOKE ALL ON TABLE round FROM PUBLIC;
REVOKE ALL ON TABLE round FROM drbean;
GRANT ALL ON TABLE round TO drbean;
GRANT SELECT,UPDATE ON TABLE round TO apache;


--
-- Name: scores; Type: ACL; Schema: public; Owner: drbean
--

REVOKE ALL ON TABLE scores FROM PUBLIC;
REVOKE ALL ON TABLE scores FROM drbean;
GRANT ALL ON TABLE scores TO drbean;
GRANT SELECT ON TABLE scores TO apache;


--
-- Name: sessions; Type: ACL; Schema: public; Owner: drbean
--

REVOKE ALL ON TABLE sessions FROM PUBLIC;
REVOKE ALL ON TABLE sessions FROM drbean;
GRANT ALL ON TABLE sessions TO drbean;
GRANT SELECT,INSERT,DELETE,UPDATE ON TABLE sessions TO apache;


--
-- Name: tournament; Type: ACL; Schema: public; Owner: drbean
--

REVOKE ALL ON TABLE tournament FROM PUBLIC;
REVOKE ALL ON TABLE tournament FROM drbean;
GRANT ALL ON TABLE tournament TO drbean;
GRANT SELECT,INSERT,UPDATE ON TABLE tournament TO apache;


--
-- Name: tournaments; Type: ACL; Schema: public; Owner: drbean
--

REVOKE ALL ON TABLE tournaments FROM PUBLIC;
REVOKE ALL ON TABLE tournaments FROM drbean;
GRANT ALL ON TABLE tournaments TO drbean;
GRANT SELECT,UPDATE ON TABLE tournaments TO apache;


--
-- PostgreSQL database dump complete
--

