--
-- PostgreSQL database dump
--

SET statement_timeout = 0;
SET lock_timeout = 0;
SET client_encoding = 'UTF8';
SET standard_conforming_strings = on;
SET check_function_bodies = false;
SET client_min_messages = warning;

--
-- Name: plpgsql; Type: EXTENSION; Schema: -; Owner: 
--

CREATE EXTENSION IF NOT EXISTS plpgsql WITH SCHEMA pg_catalog;


--
-- Name: EXTENSION plpgsql; Type: COMMENT; Schema: -; Owner: 
--

COMMENT ON EXTENSION plpgsql IS 'PL/pgSQL procedural language';


SET search_path = public, pg_catalog;

SET default_tablespace = '';

SET default_with_oids = false;

--
-- Name: arbiters; Type: TABLE; Schema: public; Owner: drbean; Tablespace: 
--

CREATE TABLE arbiters (
    id character varying(10) NOT NULL,
    name character varying(15) NOT NULL,
    password character varying(50) NOT NULL
);


ALTER TABLE arbiters OWNER TO drbean;

--
-- Name: firstrounds; Type: TABLE; Schema: public; Owner: drbean; Tablespace: 
--

CREATE TABLE firstrounds (
    tournament character varying(15) NOT NULL,
    player character varying(10) NOT NULL,
    firstround smallint NOT NULL
);


ALTER TABLE firstrounds OWNER TO drbean;

--
-- Name: floats; Type: TABLE; Schema: public; Owner: drbean; Tablespace: 
--

CREATE TABLE floats (
    tournament character varying(15) NOT NULL,
    player character varying(10) NOT NULL,
    "float" character varying(10),
    round smallint NOT NULL
);


ALTER TABLE floats OWNER TO drbean;

--
-- Name: leagues; Type: TABLE; Schema: public; Owner: drbean; Tablespace: 
--

CREATE TABLE leagues (
    id character varying(15) NOT NULL,
    name character varying(25) NOT NULL,
    field character varying(25) NOT NULL
);


ALTER TABLE leagues OWNER TO drbean;

--
-- Name: matches; Type: TABLE; Schema: public; Owner: drbean; Tablespace: 
--

CREATE TABLE matches (
    tournament character varying(15) NOT NULL,
    round smallint NOT NULL,
    pair smallint NOT NULL,
    white character varying(10) NOT NULL,
    black character varying(10) NOT NULL,
    "float" boolean NOT NULL,
    win character varying(10) NOT NULL,
    forfeit character varying(10) NOT NULL,
    tardy character varying(10) NOT NULL
);


ALTER TABLE matches OWNER TO drbean;

--
-- Name: members; Type: TABLE; Schema: public; Owner: drbean; Tablespace: 
--

CREATE TABLE members (
    tournament character varying(15) NOT NULL,
    player character varying(10) NOT NULL,
    absent boolean DEFAULT false NOT NULL,
    firstround smallint NOT NULL
);


ALTER TABLE members OWNER TO drbean;

--
-- Name: opponents; Type: TABLE; Schema: public; Owner: drbean; Tablespace: 
--

CREATE TABLE opponents (
    tournament character varying(15) NOT NULL,
    player character varying(10) NOT NULL,
    opponent character varying(15) NOT NULL,
    round smallint NOT NULL
);


ALTER TABLE opponents OWNER TO drbean;

--
-- Name: pairingnumbers; Type: TABLE; Schema: public; Owner: drbean; Tablespace: 
--

CREATE TABLE pairingnumbers (
    tournament character varying(15) NOT NULL,
    player character varying(10) NOT NULL,
    value smallint NOT NULL
);


ALTER TABLE pairingnumbers OWNER TO drbean;

--
-- Name: players; Type: TABLE; Schema: public; Owner: drbean; Tablespace: 
--

CREATE TABLE players (
    id character varying(10) NOT NULL,
    name character varying(20) NOT NULL
);


ALTER TABLE players OWNER TO drbean;

--
-- Name: ratings; Type: TABLE; Schema: public; Owner: drbean; Tablespace: 
--

CREATE TABLE ratings (
    tournament character varying(15) NOT NULL,
    player character varying(10) NOT NULL,
    round smallint DEFAULT 0 NOT NULL,
    value smallint DEFAULT 0 NOT NULL
);


ALTER TABLE ratings OWNER TO drbean;

--
-- Name: roles; Type: TABLE; Schema: public; Owner: drbean; Tablespace: 
--

CREATE TABLE roles (
    tournament character varying(15) NOT NULL,
    player character varying(10) NOT NULL,
    role character varying(10) NOT NULL,
    round smallint NOT NULL
);


ALTER TABLE roles OWNER TO drbean;

--
-- Name: round; Type: TABLE; Schema: public; Owner: drbean; Tablespace: 
--

CREATE TABLE round (
    tournament character varying(15) NOT NULL,
    value smallint NOT NULL
);


ALTER TABLE round OWNER TO drbean;

--
-- Name: scores; Type: TABLE; Schema: public; Owner: drbean; Tablespace: 
--

CREATE TABLE scores (
    tournament character varying(15) NOT NULL,
    player character varying(10) NOT NULL,
    value smallint DEFAULT 0 NOT NULL
);


ALTER TABLE scores OWNER TO drbean;

--
-- Name: sessions; Type: TABLE; Schema: public; Owner: drbean; Tablespace: 
--

CREATE TABLE sessions (
    id character(72) NOT NULL,
    session_data character varying(7500),
    expires integer
);


ALTER TABLE sessions OWNER TO drbean;

--
-- Name: tournament; Type: TABLE; Schema: public; Owner: drbean; Tablespace: 
--

CREATE TABLE tournament (
    id character varying(15) NOT NULL,
    arbiter character varying(15) NOT NULL
);


ALTER TABLE tournament OWNER TO drbean;

--
-- Name: tournaments; Type: TABLE; Schema: public; Owner: drbean; Tablespace: 
--

CREATE TABLE tournaments (
    id character varying(15) NOT NULL,
    name character varying(15) NOT NULL,
    description character varying(100) NOT NULL,
    arbiter character varying(15) NOT NULL,
    rounds smallint
);


ALTER TABLE tournaments OWNER TO drbean;

--
-- Data for Name: arbiters; Type: TABLE DATA; Schema: public; Owner: drbean
--

COPY arbiters (id, name, password) FROM stdin;
193001	DrBean	ok
\.


--
-- Data for Name: firstrounds; Type: TABLE DATA; Schema: public; Owner: drbean
--

COPY firstrounds (tournament, player, firstround) FROM stdin;
\.


--
-- Data for Name: floats; Type: TABLE DATA; Schema: public; Owner: drbean
--

COPY floats (tournament, player, "float", round) FROM stdin;
\.


--
-- Data for Name: leagues; Type: TABLE DATA; Schema: public; Owner: drbean
--

COPY leagues (id, name, field) FROM stdin;
\.


--
-- Data for Name: matches; Type: TABLE DATA; Schema: public; Owner: drbean
--

COPY matches (tournament, round, pair, white, black, "float", win, forfeit, tardy) FROM stdin;
FLA0011	1	0	V0241041	Bye	t	White	None	None
2L1	1	4	B03200052	B03200005	f	Both	None	None
2L1	1	1	B03200068	B03200043	f	Both	None	None
2L1	1	2	B03200056	B03200019	f	Black	None	None
2L1	1	7	B03200106	B03200039	f	Both	None	None
2L1	1	8	B03200007	B01130056	f	White	None	Black
2L1	1	10	B03200084	B02200062	f	Both	None	Both
2L1	1	3	B03200011	B03200064	f	White	None	None
2L1	1	9	B02200086	B03200100	f	Both	None	Both
2L1	1	6	B03200027	B03200072	f	Both	None	None
2L1	1	5	B03200031	B03200037	f	Black	None	None
FLA0008	1	0	V0341011	Bye	t	White	None	None
2L1	1	11	B02200064	Bye	t	White	None	None
MB1	1	10	N03203105	Bye	t	White	None	White
FLA0008	1	1	V0341009	V0341025	f	Black	None	None
FLA0008	1	2	V0341041	V0341035	f	Black	None	None
FLA0008	1	3	V0341005	V0341036	f	Black	None	None
FLA0008	1	4	V0341051	V0341003	f	Both	None	None
FLA0008	1	5	V0241008	V0341010	f	Black	None	None
FLA0008	1	6	V0341052	V0341004	f	Both	None	None
FLA0008	1	7	V0341001	V0341039	f	White	None	None
FLA0008	1	8	V0341027	V0341032	f	Both	None	None
FLA0008	1	9	V0341024	V0341044	f	Black	None	None
FLA0008	1	10	V0341015	V0341046	f	Both	None	None
FLA0008	1	11	V0341033	V0341023	f	Both	None	None
FLA0008	1	12	V0341016	V0341012	f	Both	None	None
FLA0008	1	13	V0341031	V0341019	f	Both	None	None
FLA0008	1	14	V0341022	V0341013	f	Both	None	None
FLA0008	1	15	V0341034	V0241064	f	Both	None	None
MB1	1	9	N03200010	N03200018	f	White	None	Both
MB1	1	2	N03200001	N03203103	f	White	None	None
MB1	1	4	N03200020	N04202105	f	Black	None	None
MB1	1	6	N03200022	N01200048	f	White	None	None
MB1	1	8	N04202109	N03200034	f	White	None	Both
MB1	1	0	N04202101	N03200004	f	Black	None	None
MB1	1	7	N03080070	100100100	f	Black	None	None
MB1	1	5	N03200008	N03200030	f	Black	None	None
MB1	2	8	N03200004	N03200030	f	White	None	None
MB1	2	6	N04202105	N03200022	f	White	None	None
MB1	2	0	N03200006	N03200036	f	Both	None	None
MB1	2	7	100100100	N03203105	f	White	None	None
MB1	2	9	N03200001	N03200018	t	Black	None	Both
MB1	2	4	N01200048	N03200008	f	Both	None	None
MB1	2	2	N03200025	N04202109	t	Both	None	None
MB1	2	5	N03203103	N03080070	f	White	None	None
MB1	2	3	N03200034	N03200010	f	Black	None	None
MB1	2	1	N03200027	N02202201	f	Black	None	None
MB1	3	3	N03200027	N03200018	t	Both	None	Both
MB1	3	1	N02202201	N03203105	t	White	None	None
MB1	3	0	N03200012	N04202101	t	White	None	None
MB1	3	2	N03203103	100100100	t	Black	None	None
MB1	3	4	N03200010	N01200048	f	Both	None	Both
2L1	2	5	B03200031	B03200068	t	White	None	None
2L1	2	9	B03200039	B03200007	t	Black	None	None
2L1	2	1	B03200102	B03200078	f	Both	None	None
2L1	2	7	B03200043	B03200027	f	White	None	None
2L1	2	0	B03200023	B01080096	f	White	None	Black
2L1	2	11	B02200086	B02200062	f	Both	None	Both
2L1	2	2	B03200092	B03200015	f	Black	None	None
2L1	2	8	B03200005	B03200106	t	Both	None	None
2L1	2	6	B03200072	B03200052	f	Black	None	None
2L1	2	4	B03200064	B03200056	f	Black	None	None
2L1	2	10	B03200100	B02200098	t	Both	None	Both
FLA0011	1	1	V0241067	V0241066	f	Both	None	None
FLA0011	1	2	V0241045	V0241039	f	White	None	None
FLA0011	1	3	V0241026	V0241012	f	Both	None	None
FLA0011	1	4	V0241034	V0241031	f	Both	None	None
FLA0011	1	5	V0241037	V0241032	f	Both	None	None
FLA0011	1	6	V0241029	V0141001	f	Both	None	None
FLA0011	1	7	V0241046	V0241064	f	Both	None	None
FLA0011	1	8	V0141062	V0241022	f	Both	None	None
FLA0011	1	9	V0241044	V0241001	f	White	None	None
FLA0011	1	10	V0141063	V0241042	f	Both	None	None
FLA0011	1	11	V0241065	V0241014	f	Both	None	None
FLA0011	1	12	V0241020	V0241024	f	White	None	None
FLA0011	4	5	V0241024	V0241022	t	Both	None	None
FLA0011	4	1	V0241001	V0241031	t	Both	None	None
FLA0011	4	0	V0241037	V0241020	f	Both	None	Black
FLA0011	4	9	V0241034	V0241029	f	Both	None	None
FLA0011	4	10	V0241067	V0241041	t	Both	None	None
FLA0011	4	11	V0241065	V0141062	t	Both	None	None
FLA0011	4	3	V0241004	V0241014	f	Both	None	None
FLA0011	4	7	V0241066	V0241026	t	Black	None	None
FLA0011	4	6	V0241039	V0141063	t	Black	None	None
FLA0011	4	2	V0241046	V0241038	t	Both	None	None
FLA0011	4	8	V0241064	V0141001	t	Both	None	None
FLA0011	4	4	V0241030	V0241044	f	Both	None	None
FLA0008	4	5	V0341003	V0341032	t	Both	None	None
FLA0008	4	11	V0341035	V0341015	f	Both	None	None
FLA0008	4	2	V0341021	V0341024	t	Both	None	None
FLA0008	4	9	V0341044	V0341025	t	Black	None	None
FLA0008	4	12	V0341010	V0341001	t	Both	None	None
FLA0008	4	10	V0341052	V0341031	t	Black	None	None
FLA0008	4	3	V0241004	V0341023	t	White	None	None
FLA0008	4	0	V0341041	V0341037	t	Both	None	White
FLA0008	4	7	V0341019	V0341051	t	Both	None	None
FLA0008	4	6	V0341022	V0341009	f	Both	None	None
FLA0008	4	13	V0341016	V0341039	f	Black	None	Both
FLA0008	4	1	V0341017	V0241008	t	Both	None	None
FLA0008	4	8	V0341004	V0341027	t	Black	None	None
2L1	2	12	B02200064	Bye	t	White	None	White
2L1	2	3	B01130056	B03200084	f	White	None	None
FLA0011	2	0	V0241030	V0241004	f	Both	None	None
FLA0011	2	1	V0241001	V0241038	t	Both	None	None
FLA0011	2	2	V0241039	V0241024	f	Both	None	None
FLA0011	2	3	V0241014	V0241034	f	Both	None	None
FLA0011	2	4	V0141001	V0241067	f	Black	None	None
FLA0011	2	5	V0241022	V0241029	f	Both	None	None
FLA0011	2	6	V0241042	V0241026	f	Both	None	None
FLA0011	2	7	V0241066	V0241046	f	White	None	None
FLA0011	2	8	V0241064	V0141062	f	Black	None	None
FLA0011	2	9	V0241032	V0141063	f	Both	None	None
FLA0011	2	10	V0241065	V0241020	t	Both	None	None
FLA0011	2	11	V0241041	V0241045	f	Both	None	None
FLA0008	2	0	V0341021	V0341037	f	Both	None	None
FLA0008	2	1	V0341017	V0241004	f	Both	None	None
FLA0008	2	2	V0341029	V0341041	t	Both	None	None
FLA0008	2	3	V0341039	V0341009	f	Both	None	None
FLA0008	2	4	V0241064	V0341015	f	Both	None	None
FLA0008	2	5	V0341046	V0341027	f	Both	None	None
FLA0008	2	6	V0341003	V0341031	f	Black	None	None
FLA0008	2	7	V0341013	V0341051	f	Both	None	None
FLA0008	2	8	V0341032	V0341052	f	Black	None	None
FLA0008	2	9	V0341023	V0341022	f	Both	None	None
FLA0008	2	10	V0341019	V0341033	f	Both	None	None
FLA0008	2	11	V0341012	V0341034	f	Both	None	None
FLA0008	2	12	V0341004	V0341016	f	Both	None	None
FLA0008	2	13	V0341010	V0341035	f	Both	None	None
FLA0008	2	14	V0341025	V0341001	f	Black	None	None
FLA0008	2	15	V0341044	V0341011	f	Both	None	None
FLA0008	3	15	V0341005	Bye	t	White	None	White
2L1	3	7	B02200086	B02200062	f	Black	None	Both
2L1	3	0	B01080096	B03200092	t	White	None	None
2L1	3	2	B03200037	B03200011	t	White	None	None
2L1	3	1	B03200015	B03200102	t	Black	None	None
2L1	3	6	B03200056	B03200043	t	White	None	Both
2L1	3	3	B03200019	B03200039	t	Both	None	None
2L1	3	5	B03200007	B03200052	t	White	None	None
2L1	3	4	B03200005	B03200031	t	Both	None	None
MB1	4	8	100100100	N02202201	f	Unknown	Unknown	Unknown
MB1	4	5	N03200030	N03200022	t	Unknown	Unknown	Unknown
MB1	4	1	N03200018	N03200036	t	Unknown	Unknown	Unknown
MB1	4	7	N03203105	N03203103	t	Unknown	Unknown	Unknown
MB1	4	2	N04202109	N03200027	t	Unknown	Unknown	Unknown
MB1	4	6	N01200048	N04202105	t	Unknown	Unknown	Unknown
MB1	4	4	N03200008	N03200010	t	Unknown	Unknown	Unknown
MB1	4	0	N03200014	N03200012	t	Unknown	Unknown	Unknown
MB1	4	3	N04202101	N03200001	t	Unknown	Unknown	Unknown
2L1	4	0	B03200084	B03200100	t	Unknown	Unknown	Unknown
2L1	4	1	B03200078	B03200023	t	Unknown	Unknown	Unknown
2L1	4	2	B01080096	B03200064	f	Unknown	Unknown	Unknown
2L1	4	3	B03200092	B01130056	f	Unknown	Unknown	Unknown
2L1	4	4	B03200068	B03200027	f	Unknown	Unknown	Unknown
2L1	4	5	B03200106	B03200015	f	Unknown	Unknown	Unknown
2L1	4	6	B03200011	B03200019	t	Unknown	Unknown	Unknown
2L1	4	7	B03200102	B03200056	f	Unknown	Unknown	Unknown
2L1	4	8	B03200043	B03200037	f	Unknown	Unknown	Unknown
2L1	4	9	B03200031	B03200007	t	Unknown	Unknown	Unknown
FLA0011	3	9	V0141062	V0241066	t	White	None	None
FLA0011	3	5	V0241029	V0241042	f	Both	None	None
FLA0011	3	3	V0241024	V0241064	f	Black	None	None
FLA0011	3	2	V0141001	V0241044	t	White	None	None
FLA0011	3	6	V0241026	V0241032	t	Both	None	None
FLA0011	3	0	V0241031	V0241030	f	Black	None	None
FLA0011	3	4	V0241034	V0241039	f	Both	None	None
FLA0011	3	1	V0241038	V0241004	t	Both	None	None
FLA0011	3	8	V0241067	V0241045	f	Black	None	None
FLA0011	3	7	V0141063	V0241065	t	Black	None	None
FLA0011	3	10	V0241022	V0241046	f	Black	None	Both
FLA0008	3	3	V0341036	V0341032	t	Both	None	None
FLA0008	3	2	V0241004	V0341021	t	Both	None	None
FLA0008	3	10	V0341051	V0341022	f	Both	None	None
FLA0008	3	1	V0341024	V0341017	t	Both	None	None
FLA0008	3	4	V0341041	V0341039	t	Both	None	None
FLA0008	3	7	V0341015	V0341013	t	White	None	None
FLA0008	3	14	V0341001	V0341052	f	Both	None	None
FLA0008	3	0	V0241008	V0341037	t	Black	None	Black
FLA0008	3	13	V0341031	V0341010	t	Both	None	None
FLA0008	3	6	V0341033	V0341004	t	Both	None	None
FLA0008	3	11	V0341034	V0341019	t	Both	None	None
FLA0008	3	12	V0341035	V0341044	t	Both	None	None
FLA0008	3	8	V0341016	V0341025	f	Both	None	None
FLA0008	3	5	V0341009	V0341003	t	Both	None	None
FLA0008	3	9	V0341027	V0241064	t	Both	None	None
FLA0008	4	4	V0341013	V0341036	t	Both	None	None
FLA0008	4	14	V0341012	V0341011	t	Black	None	Both
\.


--
-- Data for Name: members; Type: TABLE DATA; Schema: public; Owner: drbean
--

COPY members (tournament, player, absent, firstround) FROM stdin;
FLA0003	V0341025	f	0
FLA0003	V9941077	f	0
FLA0003	V0341010	f	0
FLA0003	V0341009	f	0
FLA0003	V0341001	f	0
FLA0003	V0341034	f	0
FLA0003	V0341024	f	0
FLA0003	V0341027	f	0
FLA0003	V0341004	f	0
FLA0003	V9941010	f	0
FLA0003	U0243045	f	0
FLA0003	U0243047	f	0
FLA0003	V0041008	f	0
FLA0003	V0041015	f	0
FLA0003	V0041022	f	0
FLA0003	V0041042	f	0
FLA0003	V0041047	f	0
FLA0003	V0041053	f	0
FLA0003	V0041055	f	0
FLA0003	V0041062	f	0
FLA0003	V0124009	f	0
FLA0003	V0124042	f	0
FLA0003	V0124050	f	0
FLA0003	V0141002	f	0
FLA0003	V0141008	f	0
FLA0003	V0141009	f	0
FLA0003	V0141011	f	0
FLA0003	V0141012	f	0
FLA0003	V0141016	f	0
FLA0003	V0141019	f	0
FLA0003	V0141022	f	0
FLA0003	V0141037	f	0
FLA0003	V0141041	f	0
FLA0003	V0141051	f	0
FLA0003	V0141055	f	0
FLA0003	V0141059	f	0
FLA0003	V0141062	f	0
FLA0003	V0141063	f	0
FLA0003	V0141064	f	0
FLA0003	V0216004	f	0
FLA0003	V0241004	f	0
FLA0003	V0241014	f	0
FLA0003	V0241045	f	0
FLA0003	V0241046	f	0
FLA0003	V0241064	f	0
FLA0003	V0241067	f	0
FLA0003	V0341005	f	0
FLA0003	V0341011	f	0
FLA0003	V0341012	f	0
FLA0003	V0341013	f	0
FLA0003	V0341015	f	0
FLA0003	V0341016	f	0
FLA0003	V0341019	f	0
FLA0003	V0341022	f	0
FLA0003	V0341023	f	0
FLA0003	V0341031	f	0
FLA0003	V0341033	f	0
FLA0003	V0341035	f	0
FLA0003	V0341036	f	0
FLA0003	V0341039	f	0
FLA0003	V0341041	f	0
FLA0003	V0341044	f	0
FLA0003	V0341051	f	0
FLA0003	V0341052	f	0
FLA0024	V0141001	f	0
FLA0024	U0131117	f	0
FLA0024	V0241045	f	0
FLA0024	U0143010	f	0
FLA0024	U0143020	f	0
FLA0024	V0041008	f	0
FLA0024	V0041022	f	0
FLA0024	V0041042	f	0
FLA0024	V0041046	f	0
FLA0024	V0041062	f	0
FLA0024	V0041066	f	0
FLA0024	V0141002	f	0
FLA0024	V0141003	f	0
FLA0024	V0141008	f	0
FLA0024	V0141009	f	0
FLA0024	V0141011	f	0
FLA0024	V0141012	f	0
FLA0024	V0141016	f	0
FLA0024	V0141017	f	0
FLA0024	V0141018	f	0
FLA0024	V0141019	f	0
FLA0024	V0141021	f	0
FLA0024	V0141022	f	0
FLA0024	V0141023	f	0
FLA0024	V0141025	f	0
FLA0024	V0141026	f	0
FLA0024	V0141028	f	0
FLA0024	V0141029	f	0
FLA0024	V0141035	f	0
FLA0024	V0141036	f	0
FLA0024	V0141037	f	0
FLA0024	V0141038	f	0
FLA0024	V0141041	f	0
FLA0024	V0141046	f	0
FLA0024	V0141048	f	0
FLA0024	V0141049	f	0
FLA0024	V0141051	f	0
FLA0011	V0241001	f	0
FLA0011	V0241012	t	0
FLA0011	V0241014	f	0
FLA0011	V0241020	t	0
FLA0011	V0241022	f	0
FLA0011	V0241024	f	0
FLA0011	V0241026	f	0
FLA0011	V0241029	f	0
FLA0011	V0241030	f	0
FLA0011	V0241031	f	0
FLA0011	V0241032	t	0
FLA0011	V0241034	f	0
FLA0011	V0241038	f	0
FLA0011	V0241039	f	0
FLA0011	V0241041	f	0
FLA0011	V0241042	t	0
FLA0011	V0241044	f	0
FLA0011	V0241045	t	0
FLA0011	V0241046	f	0
FLA0011	V0241063	t	0
FLA0011	V0241064	f	0
FLA0011	V0241065	f	0
FLA0011	V0241066	f	0
FLA0008	V0341005	t	0
FLA0008	V0241008	f	0
FLA0008	V0341001	f	0
FLA0008	V0341003	f	0
FLA0008	V0341006	t	1
FLA0008	V0341009	f	0
FLA0008	V0241004	f	0
FLA0008	V0341010	f	0
FLA0008	V0341011	t	0
FLA0008	V0341012	t	0
FLA0008	V0341015	f	0
FLA0008	V0341016	t	0
FLA0008	V0341017	f	0
FLA0008	V0341019	f	0
FLA0008	V0341021	f	0
FLA0008	V0341022	f	0
FLA0008	V0341023	f	0
FLA0008	V0341024	f	0
FLA0008	V0341025	f	0
FLA0008	V0341027	f	0
FLA0008	V0341029	t	0
FLA0008	V0341031	f	0
FLA0008	V0341032	f	0
FLA0008	V0341033	t	0
FLA0008	V0341034	t	0
FLA0008	V0341035	f	0
FLA0008	V0341036	f	0
FLA0008	V0341037	f	0
FLA0008	V0341039	t	0
FLA0008	V0341040	t	0
FLA0008	V0341041	t	0
FLA0008	V0341043	t	0
FLA0008	V0341046	t	0
FLA0008	V0341047	t	0
FLA0008	V0341051	f	0
FLA0008	V0341052	f	0
FLA0008	V0341053	t	0
FLA0011	V0141063	f	0
FLA0008	V0341004	f	0
FLA0024	V0141052	f	0
FLA0024	V0141053	f	0
FLA0024	V0141054	f	0
FLA0024	V0141055	f	0
FLA0024	V0141059	f	0
FLA0024	V0141060	f	0
FLA0024	V0141061	f	0
FLA0024	V0141064	f	0
FLA0024	V0241046	f	0
2L1	B03200005	t	0
2L1	B03200007	f	0
2L1	B03200011	f	0
2L1	B03200015	f	0
2L1	B03200019	f	0
2L1	B03200023	f	0
2L1	B03200027	f	0
2L1	B03200031	f	0
2L1	B03200037	f	0
2L1	B03200039	t	0
2L1	B03200043	f	0
2L1	B03200052	t	0
2L1	B03200056	f	0
FLA0011	V0141001	f	1
FLA0011	V0141062	f	0
FLA0011	V0241004	f	0
FLA0011	V0241037	f	0
FLA0011	V0241067	f	0
MB1	N03200006	t	0
MB1	N03200008	f	0
MB1	N03200010	f	0
MB1	N03200012	t	0
MB1	N03200014	f	0
MB1	N03200018	f	0
MB1	N03200022	f	0
MB1	N03200025	t	0
MB1	N03200027	f	0
MB1	N03200030	f	0
MB1	N03200034	t	0
MB1	N03200036	f	0
MB1	N04202101	f	0
MB1	N04202105	f	0
MB1	N04202109	f	0
MB1	N03203103	f	0
MB1	100100100	f	0
MB1	N01200048	f	0
MB1	N02202201	f	0
MB1	N03203105	f	0
MB1	N03200020	t	1
MB1	N04202107	t	1
MB1	N04202111	t	1
MB1	N04202113	t	1
MB1	129129129	t	3
MB1	N03080070	t	0
MB1	N03200001	f	0
MB1	N03200004	t	0
FLA0008	V0241064	t	1
FLA0008	V0341030	t	1
FLA0008	V0341013	f	0
FLA0008	V0341044	f	0
2L1	B03200064	f	0
2L1	B03200068	f	0
2L1	B03200072	t	0
2L1	B03200078	f	0
2L1	B03200084	f	0
2L1	B03200092	f	0
2L1	B03200100	f	0
2L1	B03200102	f	0
2L1	B03200106	f	0
2L1	B03200110	t	0
2L1	B01130056	f	0
2L1	B01080096	f	0
2L1	B02200062	t	0
2L1	B02200064	t	0
2L1	B02200086	t	0
2L1	B02200098	t	0
\.


--
-- Data for Name: opponents; Type: TABLE DATA; Schema: public; Owner: drbean
--

COPY opponents (tournament, player, opponent, round) FROM stdin;
\.


--
-- Data for Name: pairingnumbers; Type: TABLE DATA; Schema: public; Owner: drbean
--

COPY pairingnumbers (tournament, player, value) FROM stdin;
MB1	N03200012	16
MB1	N03200018	21
FLA0008	V0341040	38
FLA0008	V0341043	39
FLA0008	V0341053	40
FLA0008	V0341006	41
FLA0008	V0341030	42
MB1	N03200022	11
MB1	N03200025	6
2L1	B03200092	8
2L1	B03200043	15
2L1	B03200052	16
MB1	N03200030	2
MB1	N03200034	17
2L1	B03200110	29
MB1	N03200036	23
2L1	B02200062	26
MB1	N04202101	10
2L1	B02200086	25
2L1	B02200098	28
MB1	N04202105	4
FLA0011	V0241065	2
FLA0011	V0241066	17
FLA0011	V0241045	11
MB1	N03200014	24
FLA0011	V0241046	24
MB1	N01200048	13
FLA0011	V0141063	22
FLA0011	V0241001	20
FLA0011	V0241014	5
FLA0011	V0241020	27
FLA0011	V0241022	26
MB1	N04202109	20
FLA0011	V0241064	14
FLA0011	V0241037	23
FLA0008	V0241004	29
FLA0008	V0341010	19
FLA0008	V0341012	4
FLA0011	V0241067	18
FLA0011	V0141001	8
FLA0011	V0141062	1
FLA0008	V0341035	10
FLA0011	V0241012	28
FLA0011	V0241024	19
FLA0008	V0341037	35
FLA0008	V0341039	20
FLA0008	V0341041	16
FLA0011	V0241029	13
FLA0011	V0241026	21
FLA0011	V0241031	12
FLA0008	V0341046	30
FLA0011	V0241030	4
FLA0008	V0341051	25
FLA0008	V0341052	12
FLA0008	V0341004	26
FLA0011	V0241038	10
FLA0008	V0341005	3
FLA0011	V0241032	25
FLA0008	V0341015	8
FLA0008	V0341034	7
FLA0008	V0341036	31
FLA0008	V0341016	22
FLA0008	V0341017	34
FLA0008	V0241008	9
FLA0008	V0341019	13
FLA0008	V0341021	32
FLA0008	V0341022	27
FLA0008	V0341023	2
FLA0011	V0241004	6
FLA0011	V0241063	29
FLA0008	V0341032	17
FLA0008	V0341024	11
FLA0008	V0341025	18
FLA0008	V0341001	15
FLA0008	V0341027	6
FLA0008	V0341029	36
FLA0008	V0341031	28
FLA0008	V0341033	21
FLA0008	V0241064	5
2L1	B03200056	11
2L1	B03200064	3
2L1	B03200068	19
2L1	B03200072	23
2L1	B03200078	13
FLA0008	V0341013	23
2L1	B03200084	14
FLA0008	V0341044	14
2L1	B03200100	27
2L1	B03200102	18
2L1	B03200106	1
FLA0008	V0341047	37
2L1	B01130056	22
2L1	B01080096	24
2L1	B02200064	12
2L1	B03200005	17
2L1	B03200011	4
2L1	B03200019	5
2L1	B03200023	21
2L1	B03200027	20
2L1	B03200031	10
FLA0008	V0341011	1
MB1	N03203103	7
MB1	100100100	3
MB1	N02202201	1
2L1	B03200007	2
2L1	B03200015	7
MB1	N03203105	5
MB1	N03200020	19
MB1	N04202107	27
MB1	N04202111	28
MB1	N04202113	26
MB1	129129129	25
FLA0011	V0241034	16
FLA0011	V0241039	9
MB1	N03080070	12
MB1	N03200001	15
MB1	N03200004	9
MB1	N03200006	22
MB1	N03200008	8
MB1	N03200010	14
FLA0011	V0241041	7
FLA0008	V0341003	33
FLA0008	V0341009	24
MB1	N03200027	18
FLA0011	V0241042	15
FLA0011	V0241044	3
2L1	B03200037	6
2L1	B03200039	9
\.


--
-- Data for Name: players; Type: TABLE DATA; Schema: public; Owner: drbean
--

COPY players (id, name) FROM stdin;
V0341031	Andy
V0141021	Ivy1
V0141055	Trista
V0241026	Rita
V0041053	李葦唯
N03200018	Rain
V0341052	Tina
V0141008	Grace
V0241063	Jay
N03203105	Stan
V0341019	Lily
V9941077	Joe
B03200068	Grace
B03200084	Eason
N03200014	York
V0341001	David
N04202105	Crown
B02200098	Wade
V0241029	Lily
V0341016	Lori
N03203103	Jeremy
B03200052	Lilian
V0141064	Joanne
V0141009	Jimmy
V0041062	Iris
B03200005	Cindy1
N04202113	何佳儒
V0141037	Nora2
V0041008	Emily
V0241020	Jimmy
V0241041	Winnie
V0141022	Ula
N03080070	Annafin
V0041015	Willy
B03200007	Vee
V0141003	Stephanie
V0141062	Karsten
V0141059	Ivy
V0041047	Ada
V0141051	Elena
N03200006	Kelly
B03200039	Alice
V0041046	Camuel
B03200092	Lulu
B03200110	Sharon
V0241024	Abby
B03200102	Dora
V0341047	Ramses
B03200011	Cindy2
V0341039	Tiffany
B02200062	Trista
V0241037	Ellie
V0241004	Jackie
V0341037	Jessie
N03200036	Gary
V0341032	Christopher
V0141017	Peter
N01200048	Ava
V0141046	Amber
V0141012	Brian
V0241014	Josh
B02200086	Mia
V0041066	Danny
B01080096	WanChing
N04202101	Natasha
V0341053	莊弘一
V0341011	Winnie
V0241064	Kevin
N03200001	Ling
V0241067	Jason
V0341030	黃皓鼎
B03200078	Mandy
V0141048	Wynn
V0341034	Allen
N03200034	Vicky
V0241030	Irene
V0241044	Catherine
V0141018	Anthony
V0341010	Toby
V0141052	Sara
V0241065	Ali
U0131117	Catherine
V0341036	Jennifer
N04202107	張庭瑄
B03200019	Demi
V0141026	Vicky
V0141036	Sally
V0241038	Penny
V0341017	Liz
V0341024	Bamboo
V0141049	Zoe
V0216004	Beetrice
V0141035	Jane
V0341013	Amber
V0141019	Louis
V0141038	Jessica
B03200037	Irene
V0341005	Toyz
V0141029	Kitty
V0041022	Angela
V9941010	Robert
V0241045	Sandy
V0341006	陳悅倫
V0141060	Owen
V0241034	Nina
N03200022	Wilson
V0141028	Carol
N03200004	Macaria
V0241066	Tina
V0141053	Abby
V0341043	梁怡雯
V0041055	Vam
N02202201	Roger
N03200010	Kris
N03200025	Danly
V0241046	Chuck
V0341051	Gina
N04202111	葛俊廷
B03200064	Michael
V0341044	Shelli
B03200027	Alison
B03200100	Kevin
B02200064	Amber
V0341021	Fanny
U0243045	李佳馨
V0341012	Annie
V0341022	Kiki
N03200020	YuPin
V0141016	Mark
V0041042	YuWen
V0141001	David
V0141002	Uta
V0341040	林敬宜
B03200043	Tracy
N03200012	Dawn
B03200015	Jenny
U0243047	李桂葒
V0241012	Ivan
V0241042	Amber
V0341035	Johnson
V0124050	邱宥臻
V0141054	Lydia
V0141011	ALin
V0341046	Ares
N03200030	YoYo
N03200008	Beemo
V0241039	Janice
V0341003	Tony
V0124009	王淳松
100100100	Newsom
B01130056	Kevin
V0141041	Sunny
V0124042	劉玟岑
B03200072	Grace
U0143020	Andy
V0241001	Joyce
V0341023	Megan
B03200056	Tina
V0141023	Sandy1
V0341033	Antonio
V0141061	Sam
U0143010	Jenna
B03200106	Harry
V0241031	Fiona
B03200023	Victoria
B03200031	Cathy
V0241008	Eric2
N03200027	Orange
V0341029	Jay
V0341041	Vicky
V0141025	Vivi
V0241022	Cherry
V0141063	Joy
V0241032	Nancy
V0341004	Eric1
V0341015	Nora
V0341025	Wan
V0341009	Joy
V0341027	Sherry
129129129	Hanny
N04202109	Jay
\.


--
-- Data for Name: ratings; Type: TABLE DATA; Schema: public; Owner: drbean
--

COPY ratings (tournament, player, round, value) FROM stdin;
FLA0003	V0341031	0	0
FLA0024	V0141021	0	0
FLA0003	V0141055	0	0
FLA0011	V0241026	0	0
FLA0003	V0041053	0	0
MB1	N03200018	0	0
FLA0003	V0341052	0	0
FLA0003	V0141008	0	0
FLA0011	V0241063	0	0
MB1	N03203105	0	0
FLA0003	V0341019	0	0
FLA0003	V9941077	0	0
2L1	B03200068	0	0
2L1	B03200084	0	0
MB1	N03200014	0	0
FLA0003	V0341001	0	0
MB1	N04202105	0	0
2L1	B02200098	0	0
FLA0011	V0241029	0	0
FLA0003	V0341016	0	0
MB1	N03203103	0	0
FLA0003	V0341015	0	0
2L1	B03200052	0	0
FLA0003	V0141064	0	0
FLA0003	V0141009	0	0
FLA0003	V0041062	0	0
MB1	N04202109	0	0
2L1	B03200005	0	0
MB1	N04202113	0	0
FLA0003	V0141037	0	0
FLA0003	V0041008	0	0
FLA0011	V0241020	0	0
FLA0011	V0241041	0	0
FLA0003	V0141022	0	0
MB1	N03080070	0	0
FLA0003	V0041015	0	0
2L1	B03200007	0	0
FLA0024	V0141003	0	0
FLA0003	V0141062	0	0
FLA0011	V0241022	0	0
FLA0003	V0141059	0	0
FLA0003	V0041047	0	0
FLA0003	V0141051	0	0
MB1	N03200006	0	0
2L1	B03200039	0	0
FLA0024	V0041046	0	0
2L1	B03200092	0	0
2L1	B03200110	0	0
FLA0011	V0241024	0	0
2L1	B03200102	0	0
FLA0008	V0341047	0	0
2L1	B03200011	0	0
FLA0003	V0341025	0	0
FLA0003	V0341039	0	0
2L1	B02200062	0	0
FLA0011	V0241037	0	0
FLA0003	V0241004	0	0
FLA0008	V0341037	0	0
MB1	N03200036	0	0
FLA0008	V0341032	0	0
FLA0024	V0141017	0	0
MB1	N01200048	0	0
FLA0024	V0141046	0	0
FLA0003	V0141012	0	0
FLA0003	V0241014	0	0
2L1	B02200086	0	0
FLA0024	V0041066	0	0
2L1	B01080096	0	0
MB1	N04202101	0	0
FLA0008	V0341053	0	0
FLA0003	V0341011	0	0
FLA0003	V0241064	0	0
MB1	N03200001	0	0
FLA0003	V0241067	0	0
FLA0008	V0341030	0	0
2L1	B03200078	0	0
FLA0024	V0141048	0	0
FLA0003	V0341034	0	0
MB1	N03200034	0	0
FLA0011	V0241030	0	0
FLA0011	V0241044	0	0
FLA0024	V0141018	0	0
FLA0003	V0341010	0	0
FLA0024	V0141052	0	0
FLA0011	V0241065	0	0
FLA0024	U0131117	0	0
FLA0003	V0341036	0	0
MB1	N04202107	0	0
FLA0003	V0341027	0	0
2L1	B03200019	0	0
FLA0024	V0141026	0	0
FLA0003	V0341009	0	0
FLA0024	V0141036	0	0
FLA0011	V0241038	0	0
FLA0008	V0341017	0	0
FLA0003	V0341024	0	0
FLA0024	V0141049	0	0
FLA0003	V0216004	0	0
FLA0024	V0141035	0	0
FLA0003	V0341013	0	0
FLA0003	V0141019	0	0
FLA0024	V0141038	0	0
2L1	B03200037	0	0
FLA0003	V0341005	0	0
FLA0024	V0141029	0	0
FLA0003	V0041022	0	0
FLA0003	V9941010	0	0
FLA0003	V0241045	0	0
FLA0008	V0341006	0	0
FLA0024	V0141060	0	0
FLA0011	V0241032	0	0
FLA0011	V0241034	0	0
MB1	N03200022	0	0
FLA0024	V0141028	0	0
FLA0003	V0341004	0	0
MB1	N03200004	0	0
FLA0011	V0241066	0	0
FLA0024	V0141053	0	0
FLA0008	V0341043	0	0
FLA0003	V0041055	0	0
MB1	N02202201	0	0
MB1	N03200010	0	0
MB1	N03200025	0	0
FLA0003	V0241046	0	0
FLA0003	V0341051	0	0
MB1	N04202111	0	0
2L1	B03200064	0	0
FLA0003	V0341044	0	0
2L1	B03200027	0	0
2L1	B03200100	0	0
2L1	B02200064	0	0
FLA0008	V0341021	0	0
FLA0003	U0243045	0	0
FLA0003	V0341012	0	0
FLA0003	V0341022	0	0
MB1	N03200020	0	0
FLA0003	V0141016	0	0
FLA0003	V0041042	0	0
FLA0024	V0141001	0	0
FLA0003	V0141002	0	0
FLA0008	V0341040	0	0
2L1	B03200043	0	0
MB1	N03200012	0	0
2L1	B03200015	0	0
FLA0003	U0243047	0	0
FLA0011	V0241012	0	0
FLA0011	V0241042	0	0
FLA0003	V0341035	0	0
FLA0003	V0124050	0	0
FLA0024	V0141054	0	0
FLA0003	V0141011	0	0
FLA0008	V0341046	0	0
MB1	N03200030	0	0
MB1	N03200008	0	0
FLA0011	V0241039	0	0
FLA0008	V0341003	0	0
FLA0003	V0124009	0	0
MB1	100100100	0	0
2L1	B01130056	0	0
FLA0003	V0141041	0	0
FLA0003	V0124042	0	0
2L1	B03200072	0	0
FLA0024	U0143020	0	0
FLA0011	V0241001	0	0
FLA0003	V0341023	0	0
2L1	B03200056	0	0
FLA0024	V0141023	0	0
FLA0003	V0341033	0	0
FLA0024	V0141061	0	0
FLA0024	U0143010	0	0
2L1	B03200106	0	0
FLA0011	V0241031	0	0
FLA0003	V0141063	0	0
2L1	B03200023	0	0
2L1	B03200031	0	0
FLA0008	V0241008	0	0
MB1	N03200027	0	0
FLA0008	V0341029	0	0
FLA0003	V0341041	0	0
FLA0024	V0141025	0	0
FLA0008	V0341004	0	0
FLA0008	V0241004	0	0
FLA0008	V0341001	0	0
FLA0008	V0341005	0	0
FLA0008	V0341009	0	0
FLA0008	V0341010	0	0
FLA0008	V0341011	0	0
FLA0008	V0341012	0	0
FLA0008	V0341013	0	0
FLA0008	V0341015	0	0
FLA0008	V0341016	0	0
FLA0008	V0341019	0	0
FLA0008	V0341022	0	0
FLA0008	V0341023	0	0
FLA0008	V0341024	0	0
FLA0008	V0341025	0	0
FLA0008	V0341027	0	0
FLA0008	V0341031	0	0
FLA0008	V0341033	0	0
FLA0008	V0341034	0	0
FLA0008	V0341035	0	0
FLA0008	V0341036	0	0
FLA0008	V0341039	0	0
FLA0008	V0341041	0	0
FLA0008	V0341044	0	0
FLA0008	V0341051	0	0
FLA0008	V0341052	0	0
FLA0011	V0141062	0	0
FLA0011	V0141063	0	0
FLA0011	V0241004	0	0
FLA0011	V0241014	0	0
FLA0011	V0241045	0	0
FLA0011	V0241046	0	0
FLA0011	V0241064	0	0
FLA0011	V0241067	0	0
FLA0024	V0241045	0	0
FLA0024	V0041008	0	0
FLA0024	V0041022	0	0
FLA0024	V0041042	0	0
FLA0024	V0041062	0	0
FLA0024	V0141002	0	0
FLA0024	V0141008	0	0
FLA0024	V0141009	0	0
FLA0024	V0141011	0	0
FLA0024	V0141012	0	0
FLA0024	V0141016	0	0
FLA0024	V0141019	0	0
FLA0024	V0141022	0	0
FLA0024	V0141037	0	0
FLA0024	V0141041	0	0
FLA0024	V0141051	0	0
FLA0024	V0141055	0	0
FLA0024	V0141059	0	0
FLA0024	V0141064	0	0
FLA0024	V0241046	0	0
FLA0011	V0141001	0	0
FLA0008	V0241064	0	0
FLA0008	V0341029	1	70
FLA0008	V0341024	1	85
FLA0008	V0341023	1	88
FLA0008	V0341003	1	45
FLA0008	V0341012	1	75
FLA0008	V0341043	1	0
FLA0008	V0341005	1	63
FLA0008	V0341025	1	88
FLA0008	V0341013	1	50
FLA0008	V0341009	1	88
FLA0008	V0341036	1	91
FLA0008	V0341006	1	0
FLA0008	V0341019	1	66
FLA0008	V0341001	1	68
FLA0008	V0341037	1	18
FLA0008	V0241004	1	65
FLA0008	V0341041	1	51
FLA0008	V0341047	1	13
FLA0008	V0341034	1	88
FLA0008	V0241064	1	39
FLA0008	V0341033	1	88
FLA0008	V0241008	1	68
FLA0008	V0341011	1	76
FLA0008	V0341039	1	77
FLA0008	V0341027	1	80
FLA0008	V0341017	1	20
FLA0008	V0341032	1	53
FLA0008	V0341052	1	87
FLA0008	V0341030	1	0
FLA0008	V0341046	1	38
FLA0008	V0341040	1	0
FLA0008	V0341022	1	68
FLA0008	V0341021	1	38
FLA0008	V0341044	1	91
FLA0008	V0341016	1	70
FLA0008	V0341053	1	0
FLA0008	V0341035	1	66
FLA0008	V0341004	1	92
FLA0008	V0341031	1	83
FLA0008	V0341051	1	86
FLA0008	V0341015	1	77
FLA0008	V0341010	1	82
2L1	B03200068	1	40
2L1	B02200086	1	34
2L1	B03200037	1	46
2L1	B03200084	1	48
2L1	B03200019	1	65
2L1	B02200062	1	34
2L1	B03200110	1	17
MB1	N04202113	1	0
MB1	N03200004	1	93
MB1	N03200030	1	82
MB1	N03203105	1	79
MB1	N03200010	1	76
MB1	N04202109	1	64
MB1	N03080070	1	93
MB1	N03200022	1	83
MB1	N03200001	1	84
MB1	N02202201	1	86
MB1	N03200018	1	28
MB1	N04202107	1	0
2L1	B03200056	1	46
2L1	B03200102	1	54
2L1	B03200005	1	45
2L1	B01080096	1	32
2L1	B03200052	1	64
2L1	B03200064	1	65
2L1	B02200064	1	22
2L1	B03200015	1	45
2L1	B01130056	1	39
2L1	B03200007	1	76
2L1	B03200023	1	44
2L1	B03200078	1	53
2L1	B02200098	1	12
2L1	B03200092	1	81
2L1	B03200043	1	70
2L1	B03200100	1	45
2L1	B03200072	1	36
2L1	B03200106	1	64
2L1	B03200039	1	68
2L1	B03200031	1	75
MB1	N04202101	1	81
MB1	N03203103	1	81
MB1	N03200025	1	96
MB1	N03200020	1	35
MB1	N03200036	1	63
MB1	N03200006	1	81
MB1	N03200012	1	77
MB1	N04202105	1	54
MB1	N03200027	1	72
MB1	100100100	1	83
MB1	N04202111	1	0
MB1	N01200048	1	75
MB1	N03200034	1	69
MB1	N03200014	1	85
MB1	N03200008	1	88
2L1	B02200098	2	12
2L1	B03200110	2	17
2L1	B02200064	2	22
2L1	B01130056	2	39
2L1	B03200068	2	40
2L1	B03200027	2	39
2L1	B02200062	2	34
2L1	B02200086	2	34
2L1	B03200072	2	36
2L1	B01080096	2	32
2L1	B03200084	2	48
FLA0011	V0241020	1	70
FLA0011	V0241045	1	85
FLA0011	V0241031	1	95
FLA0011	V0241022	1	58
FLA0011	V0241064	1	72
FLA0011	V0241029	1	90
FLA0011	V0241065	1	95
FLA0011	V0241034	1	59
FLA0011	V0241046	1	91
FLA0011	V0241024	1	79
FLA0011	V0241063	1	11
FLA0011	V0241030	1	91
FLA0011	V0141063	1	95
FLA0011	V0141062	1	93
FLA0011	V0241039	1	90
FLA0011	V0241012	1	39
FLA0011	V0241041	1	86
FLA0011	V0241044	1	94
FLA0011	V0241001	1	49
FLA0011	V0241026	1	66
FLA0011	V0141001	1	32
FLA0011	V0241067	1	89
FLA0011	V0241037	1	95
FLA0011	V0241042	1	90
FLA0011	V0241066	1	67
FLA0011	V0241014	1	89
FLA0011	V0241032	1	76
FLA0011	V0241038	1	93
FLA0011	V0241004	1	79
2L1	B03200027	1	39
2L1	B03200011	1	77
2L1	B03200106	2	64
2L1	B03200023	2	44
2L1	B03200078	2	53
2L1	B03200052	2	64
2L1	B03200102	2	54
2L1	B03200092	2	81
2L1	B03200011	2	77
2L1	B03200015	2	45
2L1	B03200056	2	46
2L1	B03200039	2	68
2L1	B03200007	2	76
2L1	B03200064	2	65
2L1	B03200019	2	65
2L1	B03200005	2	45
2L1	B03200100	2	45
2L1	B03200037	2	46
2L1	B03200043	2	70
2L1	B03200031	2	75
FLA0011	V0241046	2	92
FLA0011	V0241029	2	74
FLA0011	V0241031	2	89
FLA0011	V0241041	2	70
FLA0011	V0241030	2	91
FLA0011	V0141062	2	94
FLA0011	V0241032	2	77
FLA0011	V0241004	2	87
FLA0011	V0241022	2	74
FLA0011	V0241039	2	90
FLA0011	V0241037	2	96
FLA0011	V0241064	2	69
FLA0011	V0241012	2	27
FLA0011	V0241026	2	64
FLA0011	V0241066	2	57
FLA0011	V0241024	2	81
FLA0011	V0241044	2	96
FLA0011	V0241001	2	63
FLA0011	V0241034	2	57
FLA0011	V0241042	2	67
FLA0011	V0241045	2	86
FLA0011	V0241067	2	91
FLA0011	V0241020	2	55
FLA0011	V0141001	2	44
FLA0011	V0141063	2	93
FLA0011	V0241063	2	16
FLA0011	V0241014	2	90
FLA0011	V0241065	2	96
FLA0011	V0241038	2	92
FLA0008	V0341030	2	0
FLA0008	V0341006	2	0
FLA0008	V0341010	2	78
FLA0008	V0341047	2	13
FLA0008	V0341053	2	0
FLA0008	V0341019	2	79
FLA0008	V0341040	2	0
FLA0008	V0341043	2	0
FLA0008	V0341023	2	90
MB1	N03200034	2	45
MB1	N03200030	2	89
MB1	N03200014	2	75
MB1	100100100	2	60
MB1	N01200048	2	71
MB1	N04202111	2	0
MB1	N03200020	2	35
MB1	N03200008	2	74
MB1	N03203103	2	75
MB1	N03200006	2	84
MB1	N03200012	2	84
MB1	N03080070	2	76
MB1	N03200022	2	73
MB1	N04202101	2	87
FLA0008	V0241064	2	40
FLA0008	V0341034	2	87
FLA0008	V0341032	2	40
FLA0008	V0341044	2	65
FLA0008	V0341015	2	81
FLA0008	V0341009	2	88
FLA0008	V0241008	2	80
FLA0008	V0341041	2	57
FLA0008	V0341046	2	13
FLA0008	V0341022	2	81
FLA0008	V0341017	2	22
FLA0008	V0341004	2	83
FLA0008	V0341021	2	47
FLA0008	V0341005	2	58
FLA0008	V0341037	2	26
FLA0008	V0341024	2	91
FLA0008	V0341025	2	86
FLA0008	V0341001	2	66
FLA0008	V0341039	2	74
FLA0008	V0341012	2	77
FLA0008	V0341031	2	75
FLA0008	V0341016	2	55
FLA0008	V0341013	2	40
FLA0008	V0341027	2	88
FLA0008	V0341052	2	80
FLA0008	V0241004	2	65
FLA0008	V0341051	2	86
FLA0008	V0341033	2	74
FLA0008	V0341035	2	59
MB1	N04202105	2	54
MB1	N03200036	2	62
MB1	N03200010	2	77
MB1	N03200018	2	24
MB1	N03200025	2	89
MB1	N03203105	2	83
MB1	N03200004	2	92
MB1	N03200001	2	74
MB1	N04202113	2	0
MB1	N04202109	2	41
MB1	N02202201	2	85
MB1	N03200027	2	68
MB1	N04202107	2	0
MB1	129129129	2	0
MB1	129129129	3	6
MB1	N03200020	3	35
MB1	N04202113	3	0
MB1	N04202107	3	0
MB1	N04202111	3	0
2L1	B03200019	3	64
2L1	B03200068	3	37
2L1	B03200078	3	59
2L1	B03200031	3	70
2L1	B03200005	3	54
2L1	B02200086	3	20
2L1	B03200023	3	42
2L1	B03200056	3	55
2L1	B03200011	3	76
2L1	B02200064	3	24
2L1	B02200062	3	20
2L1	B01080096	3	29
2L1	B03200027	3	27
2L1	B03200064	3	67
2L1	B03200052	3	66
2L1	B03200043	3	67
2L1	B03200039	3	71
2L1	B03200037	3	50
2L1	B03200084	3	48
2L1	B03200007	3	73
2L1	B03200106	3	76
2L1	B01130056	3	33
2L1	B03200015	3	38
2L1	B03200092	3	77
2L1	B03200072	3	27
2L1	B03200110	3	6
2L1	B03200100	3	42
2L1	B03200102	3	56
2L1	B02200098	3	12
MB1	N04202109	3	37
MB1	N04202101	3	84
MB1	N03080070	3	66
MB1	100100100	3	68
MB1	N03200034	3	42
MB1	N03200014	3	70
MB1	N03200008	3	71
MB1	N02202201	3	83
MB1	N03200022	3	69
MB1	N03203105	3	75
MB1	N03200025	3	90
MB1	N04202105	3	50
MB1	N03200018	3	18
MB1	N03203103	3	73
MB1	N01200048	3	71
MB1	N03200036	3	53
MB1	N03200006	3	71
MB1	N03200027	3	71
MB1	N03200012	3	81
MB1	N03200030	3	82
MB1	N03200010	3	67
MB1	N03200001	3	72
MB1	N03200004	3	87
FLA0011	V0241012	3	17
FLA0011	V0241004	3	84
FLA0011	V0241044	3	92
FLA0011	V0241001	3	64
FLA0011	V0241065	3	95
FLA0011	V0241022	3	75
FLA0011	V0241031	3	88
FLA0011	V0241042	3	66
FLA0011	V0241032	3	81
FLA0011	V0241046	3	88
FLA0011	V0241020	3	56
FLA0011	V0241066	3	56
FLA0011	V0141063	3	90
FLA0011	V0241039	3	91
FLA0011	V0241029	3	74
FLA0011	V0241067	3	89
FLA0011	V0241034	3	58
FLA0011	V0141001	3	53
FLA0011	V0241014	3	91
FLA0011	V0241037	3	89
FLA0011	V0241064	3	72
FLA0011	V0141062	3	92
FLA0011	V0241030	3	91
FLA0011	V0241038	3	90
FLA0011	V0241024	3	83
FLA0011	V0241026	3	61
FLA0011	V0241045	3	89
FLA0011	V0241063	3	16
FLA0011	V0241041	3	69
FLA0008	V0241008	3	77
FLA0008	V0341016	3	54
FLA0008	V0341039	3	72
FLA0008	V0341005	3	62
FLA0008	V0341033	3	70
FLA0008	V0341011	3	81
FLA0008	V0341015	3	82
FLA0008	V0341032	3	39
FLA0008	V0341012	3	77
FLA0008	V0341004	3	82
FLA0008	V0341051	3	84
FLA0008	V0341029	3	43
FLA0008	V0341031	3	73
FLA0008	V0341017	3	22
FLA0008	V0241064	3	36
FLA0008	V0341052	3	80
FLA0008	V0341006	3	0
FLA0008	V0341019	3	78
FLA0008	V0341047	3	13
FLA0008	V0341025	3	85
FLA0008	V0341021	3	48
FLA0008	V0341027	3	87
FLA0008	V0341044	3	69
FLA0008	V0341009	3	87
FLA0008	V0341013	3	38
FLA0008	V0341034	3	83
FLA0008	V0341023	3	90
FLA0008	V0341001	3	64
FLA0008	V0341035	3	57
FLA0008	V0341022	3	80
FLA0008	V0341036	3	83
FLA0008	V0341043	3	0
FLA0008	V0241004	3	64
FLA0008	V0341037	3	27
FLA0008	V0341010	3	77
FLA0008	V0341041	3	55
FLA0008	V0341024	3	88
FLA0008	V0341040	3	0
FLA0008	V0341053	3	0
FLA0008	V0341003	3	42
FLA0008	V0341030	3	0
FLA0008	V0341046	3	15
FLA0011	V0241044	4	91
FLA0011	V0241014	4	90
FLA0011	V0241041	4	68
FLA0011	V0241034	4	57
FLA0011	V0241064	4	71
FLA0011	V0141001	4	51
FLA0011	V0241024	4	82
FLA0011	V0241063	4	16
FLA0011	V0241037	4	89
FLA0011	V0241022	4	74
FLA0011	V0241067	4	88
FLA0011	V0141063	4	90
FLA0011	V0241026	4	60
FLA0011	V0141062	4	91
FLA0011	V0241004	4	82
FLA0011	V0241039	4	89
FLA0011	V0241001	4	63
FLA0011	V0241046	4	87
FLA0011	V0241012	4	15
FLA0011	V0241020	4	54
FLA0011	V0241031	4	87
FLA0011	V0241066	4	55
FLA0011	V0241065	4	95
FLA0011	V0241029	4	73
FLA0011	V0241030	4	89
FLA0011	V0241038	4	89
FLA0011	V0241042	4	67
FLA0011	V0241045	4	90
FLA0011	V0241032	4	82
FLA0008	V0241008	4	78
FLA0008	V0341030	4	0
FLA0008	V0341012	4	76
FLA0008	V0341034	4	85
FLA0008	V0341035	4	58
FLA0008	V0341015	4	83
FLA0008	V0341027	4	87
FLA0008	V0341022	4	80
FLA0008	V0341025	4	86
FLA0008	V0341043	4	0
FLA0008	V0241064	4	38
FLA0008	V0341016	4	55
FLA0008	V0341031	4	74
FLA0008	V0341029	4	42
FLA0008	V0341046	4	14
FLA0008	V0341003	4	42
FLA0008	V0341005	4	59
FLA0008	V0341006	4	0
FLA0008	V0241004	4	66
FLA0008	V0341013	4	39
FLA0008	V0341047	4	13
FLA0008	V0341033	4	73
FLA0008	V0341023	4	89
FLA0008	V0341051	4	85
FLA0008	V0341009	4	87
FLA0008	V0341032	4	38
FLA0008	V0341039	4	73
FLA0008	V0341021	4	49
FLA0008	V0341011	4	79
FLA0008	V0341019	4	78
FLA0008	V0341036	4	85
FLA0008	V0341044	4	68
FLA0008	V0341052	4	79
FLA0008	V0341017	4	24
FLA0008	V0341024	4	89
FLA0008	V0341010	4	78
FLA0008	V0341001	4	65
FLA0008	V0341041	4	55
FLA0008	V0341053	4	0
FLA0008	V0341040	4	0
FLA0008	V0341037	4	28
FLA0008	V0341004	4	82
FLA0008	V0341036	2	84
FLA0008	V0341029	2	40
FLA0008	V0341011	2	80
FLA0008	V0341003	2	43
\.


--
-- Data for Name: roles; Type: TABLE DATA; Schema: public; Owner: drbean
--

COPY roles (tournament, player, role, round) FROM stdin;
\.


--
-- Data for Name: round; Type: TABLE DATA; Schema: public; Owner: drbean
--

COPY round (tournament, value) FROM stdin;
FLA0003	0
FLA0024	0
FLA0011	4
FLA0008	2
2L1	4
MB1	4
\.


--
-- Data for Name: scores; Type: TABLE DATA; Schema: public; Owner: drbean
--

COPY scores (tournament, player, value) FROM stdin;
FLA0003	V0341025	0
FLA0003	V9941077	0
FLA0003	V0341010	0
FLA0003	V0341009	0
FLA0003	V0341001	0
FLA0003	V0341034	0
FLA0003	V0341024	0
FLA0003	V0341027	0
FLA0003	V0341004	0
FLA0003	V9941010	0
FLA0003	U0243045	0
FLA0003	U0243047	0
FLA0003	V0041008	0
FLA0003	V0041015	0
FLA0003	V0041022	0
FLA0003	V0041042	0
FLA0003	V0041047	0
FLA0003	V0041053	0
FLA0003	V0041055	0
FLA0003	V0041062	0
FLA0003	V0124009	0
FLA0003	V0124042	0
FLA0003	V0124050	0
FLA0003	V0141002	0
FLA0003	V0141008	0
FLA0003	V0141009	0
FLA0003	V0141011	0
FLA0003	V0141012	0
FLA0003	V0141016	0
FLA0003	V0141019	0
FLA0003	V0141022	0
FLA0003	V0141037	0
FLA0003	V0141041	0
FLA0003	V0141051	0
FLA0003	V0141055	0
FLA0003	V0141059	0
FLA0003	V0141062	0
FLA0003	V0141063	0
FLA0003	V0141064	0
FLA0003	V0216004	0
FLA0003	V0241004	0
FLA0003	V0241014	0
FLA0003	V0241045	0
FLA0003	V0241046	0
FLA0003	V0241064	0
FLA0003	V0241067	0
FLA0003	V0341005	0
FLA0003	V0341011	0
FLA0003	V0341012	0
FLA0003	V0341013	0
FLA0003	V0341015	0
FLA0003	V0341016	0
FLA0003	V0341019	0
FLA0003	V0341022	0
FLA0003	V0341023	0
FLA0003	V0341031	0
FLA0003	V0341033	0
FLA0003	V0341035	0
FLA0003	V0341036	0
FLA0003	V0341039	0
FLA0003	V0341041	0
FLA0003	V0341044	0
FLA0003	V0341051	0
FLA0003	V0341052	0
FLA0008	V0341006	0
FLA0008	V0341030	0
FLA0008	V0341040	0
FLA0008	V0341043	0
FLA0008	V0341047	0
FLA0008	V0341053	0
FLA0011	V0241063	0
FLA0024	V0141001	0
FLA0024	U0131117	0
FLA0024	V0241045	0
FLA0024	U0143010	0
FLA0024	U0143020	0
FLA0024	V0041008	0
FLA0024	V0041022	0
FLA0024	V0041042	0
FLA0024	V0041046	0
FLA0024	V0041062	0
FLA0024	V0041066	0
FLA0024	V0141002	0
FLA0024	V0141003	0
FLA0024	V0141008	0
FLA0024	V0141009	0
FLA0024	V0141011	0
FLA0024	V0141012	0
FLA0024	V0141016	0
FLA0024	V0141017	0
FLA0024	V0141018	0
FLA0024	V0141019	0
FLA0024	V0141021	0
FLA0024	V0141022	0
FLA0024	V0141023	0
FLA0024	V0141025	0
FLA0024	V0141026	0
FLA0024	V0141028	0
FLA0024	V0141029	0
FLA0024	V0141035	0
FLA0024	V0141036	0
FLA0024	V0141037	0
FLA0024	V0141038	0
FLA0024	V0141041	0
FLA0024	V0141046	0
FLA0024	V0141048	0
FLA0024	V0141049	0
FLA0024	V0141051	0
FLA0008	V0341009	6
FLA0008	V0341013	6
FLA0008	V0341011	8
FLA0008	V0341012	6
FLA0008	V0341015	7
FLA0008	V0341016	6
FLA0008	V0341017	4
FLA0008	V0341019	6
FLA0008	V0341021	3
FLA0008	V0341022	6
FLA0008	V0341027	7
FLA0008	V0341031	6
FLA0008	V0341032	7
FLA0008	V0341034	7
FLA0008	V0341029	3
FLA0008	V0341036	4
FLA0008	V0341035	8
FLA0008	V0341037	3
FLA0008	V0341039	6
FLA0008	V0341051	6
FLA0008	V0341044	7
FLA0008	V0241004	4
FLA0011	V0141062	16
FLA0011	V0141063	13
FLA0011	V0241001	13
FLA0011	V0241004	15
FLA0011	V0241014	15
FLA0011	V0241020	10
FLA0011	V0241012	4
FLA0011	V0241022	10
FLA0011	V0241026	13
FLA0011	V0241030	15
FLA0011	V0241031	14
FLA0011	V0241034	14
FLA0011	V0241037	11
FLA0011	V0241039	14
FLA0011	V0241038	13
FLA0011	V0241041	15
FLA0011	V0241045	17
FLA0011	V0241046	10
FLA0008	V0241008	7
FLA0011	V0241064	14
FLA0011	V0241066	13
FLA0011	V0241067	13
FLA0011	V0241032	14
FLA0008	V0341001	7
FLA0008	V0341005	7
FLA0011	V0241024	12
FLA0011	V0241042	17
FLA0011	V0241044	15
FLA0008	V0341010	7
FLA0008	V0341023	7
FLA0008	V0341052	7
FLA0008	V0341025	6
FLA0008	V0341033	7
FLA0024	V0141052	0
FLA0024	V0141053	0
FLA0024	V0141054	0
FLA0024	V0141055	0
FLA0024	V0141059	0
FLA0024	V0141060	0
FLA0024	V0141061	0
FLA0024	V0141064	0
FLA0024	V0241046	0
2L1	B03200110	0
MB1	N03200014	0
MB1	N04202107	0
MB1	N04202111	0
MB1	N04202113	0
MB1	N03200027	4
MB1	N03200030	14
MB1	N04202101	8
MB1	N04202105	14
2L1	B01080096	4
2L1	B02200062	3
2L1	B02200064	10
2L1	B02200086	3
2L1	B03200005	8
2L1	B03200007	13
2L1	B03200011	12
2L1	B03200015	11
2L1	B03200019	12
2L1	B03200031	10
2L1	B03200037	12
2L1	B03200039	10
2L1	B03200043	8
2L1	B03200052	8
2L1	B03200056	10
2L1	B03200064	13
2L1	B03200084	9
2L1	B03200092	10
2L1	B03200102	7
2L1	B03200106	13
FLA0011	V0141001	15
FLA0011	V0241029	14
MB1	N03200020	4
FLA0011	V0241065	15
2L1	B01130056	5
2L1	B02200098	1
2L1	B03200023	5
2L1	B03200027	6
2L1	B03200068	6
2L1	B03200072	5
2L1	B03200078	9
2L1	B03200100	2
FLA0008	V0341046	6
MB1	N04202109	3
FLA0008	V0241064	8
FLA0008	V0341004	6
MB1	N03080070	8
MB1	N03200001	6
MB1	N03200004	10
MB1	N03200006	2
FLA0008	V0341003	5
FLA0008	V0341024	7
FLA0008	V0341041	7
MB1	N03200022	8
MB1	N03200034	5
MB1	N03200036	2
MB1	129129129	0
MB1	N03203103	12
MB1	100100100	14
MB1	N01200048	7
MB1	N02202201	14
MB1	N03203105	13
MB1	N03200008	11
MB1	N03200010	7
MB1	N03200012	5
MB1	N03200018	3
MB1	N03200025	12
\.


--
-- Data for Name: sessions; Type: TABLE DATA; Schema: public; Owner: drbean
--

COPY sessions (id, session_data, expires) FROM stdin;
session:5a2c6dd8556f99c29455b2f07612b7fcdab19db1                        	BQoZAAAAAAcXA01CMQAAAAAKdG91cm5hbWVudAiBAgAAAAlNQjFfcm91bmQEAwAAAAEXBjE5MzAw\nMQAAAAJpZAAAAAAGX191c2VyCgV1c2VycwAAAAAMX191c2VyX3JlYWxtCVYPtHsAAAAACV9fdXBk\nYXRlZBcGMTkzMDAxAAAAAAphcmJpdGVyX2lkCVYPtBAAAAAACV9fY3JlYXRlZA==\n	1443873534
session:76cb8bcb3227b2fb3828b5e7e7abe63ee6e34ab4                        	BQoZAAAAAAgXB0ZMQTAwMDgAAAAACnRvdXJuYW1lbnQEAwAAAAEXBjE5MzAwMQAAAAJpZAAAAAAG\nX191c2VyCgV1c2VycwAAAAAMX191c2VyX3JlYWxtCVYd3a8AAAAACV9fdXBkYXRlZAlWHdTmAAAA\nAAlfX2NyZWF0ZWQIgQIAAAANRkxBMDAxMV9yb3VuZAiBAgAAAA1GTEEwMDA4X3JvdW5kFwYxOTMw\nMDEAAAAACmFyYml0ZXJfaWQ=\n	1444801476
session:963ca57a89d7a4028d8391ca014c906476e23649                        	BQoZAAAAAAcEAwAAAAEXBjE5MzAwMQAAAAJpZAAAAAAGX191c2VyCIECAAAACU1CMV9yb3VuZBcD\nTUIxAAAAAAp0b3VybmFtZW50CgV1c2VycwAAAAAMX191c2VyX3JlYWxtCVYPoIIAAAAACV9fdXBk\nYXRlZAlWD6BAAAAAAAlfX2NyZWF0ZWQXBjE5MzAwMQAAAAAKYXJiaXRlcl9pZA==\n	1443868306
session:cb89806f5766a90ed5ae5866f18e504798cc8afa                        	BQoZAAAAAAcXB0ZMQTAwMDgAAAAACnRvdXJuYW1lbnQJVkSDFgAAAAAJX191cGRhdGVkBAMAAAAB\nFwYxOTMwMDEAAAACaWQAAAAABl9fdXNlcgoFdXNlcnMAAAAADF9fdXNlcl9yZWFsbQiCAgAAAA1G\nTEEwMDA4X3JvdW5kCVZEgh0AAAAACV9fY3JlYXRlZBcGMTkzMDAxAAAAAAphcmJpdGVyX2lk\n	1447334187
session:218b327f0bf03903e8ecbafcf703bae2a785446e                        	BQoZAAAAAAcXBjE5MzAwMQAAAAAKYXJiaXRlcl9pZAiBAgAAAAkyTDFfcm91bmQJVhHg3QAAAAAJ\nX191cGRhdGVkFwMyTDEAAAAACnRvdXJuYW1lbnQKBXVzZXJzAAAAAAxfX3VzZXJfcmVhbG0EAwAA\nAAEXBjE5MzAwMQAAAAJpZAAAAAAGX191c2VyCVYR100AAAAACV9fY3JlYXRlZA==\n	1444015858
session:1777e5952fcee813278a69c07dda7fc0ddc81638                        	BQoDAAAABgoFdXNlcnMAAAAMX191c2VyX3JlYWxtCVYy3qYAAAAJX191cGRhdGVkBAMAAAABFwYx\nOTMwMDEAAAACaWQAAAAGX191c2VyCVYy3poAAAAJX19jcmVhdGVkFwMyTDEAAAAKdG91cm5hbWVu\ndBcGMTkzMDAxAAAACmFyYml0ZXJfaWQ=\n	1446178714
session:85eca7827d29f85e5ad543067ad0c58c3bd7b366                        	BQoZAAAAAAcEAwAAAAEXBjE5MzAwMQAAAAJpZAAAAAAGX191c2VyCgV1c2VycwAAAAAMX191c2Vy\nX3JlYWxtCVY91ZkAAAAACV9fY3JlYXRlZBcGMTkzMDAxAAAAAAphcmJpdGVyX2lkCIICAAAACU1C\nMV9yb3VuZBcDTUIxAAAAAAp0b3VybmFtZW50CVY91+EAAAAACV9fdXBkYXRlZA==\n	1446897141
session:5bb2795dcffcaf382859be292c8b407a975c8a08                        	BQoZAAAAAAcJVhHBmgAAAAAJX191cGRhdGVkCIECAAAACTJMMV9yb3VuZBcDMkwxAAAAAAp0b3Vy\nbmFtZW50CVYRwTAAAAAACV9fY3JlYXRlZAQDAAAAARcGMTkzMDAxAAAAAmlkAAAAAAZfX3VzZXIK\nBXVzZXJzAAAAAAxfX3VzZXJfcmVhbG0XBjE5MzAwMQAAAAAKYXJiaXRlcl9pZA==\n	1444007892
session:e8db0523a832d0f11d0b79f945ea88d4bdad9042                        	BQoZAAAAAAcIggIAAAANRkxBMDAwOF9yb3VuZAoFdXNlcnMAAAAADF9fdXNlcl9yZWFsbRcHRkxB\nMDAwOAAAAAAKdG91cm5hbWVudAlWRGRmAAAAAAlfX2NyZWF0ZWQEAwAAAAEXBjE5MzAwMQAAAAJp\nZAAAAAAGX191c2VyFwYxOTMwMDEAAAAACmFyYml0ZXJfaWQJVkRlcwAAAAAJX191cGRhdGVk\n	1447326667
session:5c38eea17cbb11670f7ef92fe8de115f007fcc70                        	BQoZAAAAAAcKBXVzZXJzAAAAAAxfX3VzZXJfcmVhbG0EAwAAAAEXBjE5MzAwMQAAAAJpZAAAAAAG\nX191c2VyCVYQsp0AAAAACV9fdXBkYXRlZAiBAgAAAAkyTDFfcm91bmQXBjE5MzAwMQAAAAAKYXJi\naXRlcl9pZBcDMkwxAAAAAAp0b3VybmFtZW50CVYQoP8AAAAACV9fY3JlYXRlZA==\n	1443940069
session:0fb15532568bd6f777f63fe26020f1e83b11d97a                        	BQoZAAAAAAcXB0ZMQTAwMTEAAAAACnRvdXJuYW1lbnQKBXVzZXJzAAAAAAxfX3VzZXJfcmVhbG0X\nBjE5MzAwMQAAAAAKYXJiaXRlcl9pZAQDAAAAARcGMTkzMDAxAAAAAmlkAAAAAAZfX3VzZXIJVkMs\nxQAAAAAJX191cGRhdGVkCIICAAAADUZMQTAwMTFfcm91bmQJVkMrxAAAAAAJX19jcmVhdGVk\n	1447246549
session:16817f89c97874a67c0cd9118e64c05e93a9acd3                        	BQoDAAAABhcDMkwxAAAACnRvdXJuYW1lbnQKBXVzZXJzAAAADF9fdXNlcl9yZWFsbRcGMTkzMDAx\nAAAACmFyYml0ZXJfaWQJVi2kugAAAAlfX2NyZWF0ZWQEAwAAAAEXBjE5MzAwMQAAAAJpZAAAAAZf\nX3VzZXIJVi2kywAAAAlfX3VwZGF0ZWQ=\n	1445835545
session:e2697be9d480c7c7075ab5ba8a61b6c10e25de95                        	BQoZAAAAAAcEAwAAAAEXBjE5MzAwMQAAAAJpZAAAAAAGX191c2VyFwMyTDEAAAAACnRvdXJuYW1l\nbnQJVja0RgAAAAAJX191cGRhdGVkCVY2slEAAAAACV9fY3JlYXRlZBcGMTkzMDAxAAAAAAphcmJp\ndGVyX2lkCIICAAAACTJMMV9yb3VuZAoFdXNlcnMAAAAADF9fdXNlcl9yZWFsbQ==\n	1446429276
session:0abdd98814abc96f64ee6619883bab784c7d278c                        	BQoZAAAAAAcKBXVzZXJzAAAAAAxfX3VzZXJfcmVhbG0XB0ZMQTAwMDgAAAAACnRvdXJuYW1lbnQX\nBjE5MzAwMQAAAAAKYXJiaXRlcl9pZAlWH5jqAAAAAAlfX2NyZWF0ZWQIgQIAAAANRkxBMDAwOF9y\nb3VuZAQDAAAAARcGMTkzMDAxAAAAAmlkAAAAAAZfX3VzZXIJVh+Z4wAAAAAJX191cGRhdGVk\n	1444915643
session:1931398e909d8494af86394e0082229aabb31e31                        	BQoZAAAAAAcJVh5DZAAAAAAJX19jcmVhdGVkFwYxOTMwMDEAAAAACmFyYml0ZXJfaWQJVh5HKAAA\nAAAJX191cGRhdGVkCgV1c2VycwAAAAAMX191c2VyX3JlYWxtFwdGTEEwMDExAAAAAAp0b3VybmFt\nZW50BAMAAAABFwYxOTMwMDEAAAACaWQAAAAABl9fdXNlcgiBAgAAAA1GTEEwMDExX3JvdW5k\n	1444828477
session:684d7a3f549d1cd6c103a2861a1ed83c8ac2544d                        	BQoZAAAAAAcEAwAAAAEXBjE5MzAwMQAAAAJpZAAAAAAGX191c2VyCgV1c2VycwAAAAAMX191c2Vy\nX3JlYWxtFwNNQjEAAAAACnRvdXJuYW1lbnQJVj2xBQAAAAAJX19jcmVhdGVkFwYxOTMwMDEAAAAA\nCmFyYml0ZXJfaWQJVj25ygAAAAAJX191cGRhdGVkCIICAAAACU1CMV9yb3VuZA==\n	1446889803
session:64243e23ab29208c93f9761e1d384f14f4b80a97                        	BQoZAAAAAAcEAwAAAAEXBjE5MzAwMQAAAAJpZAAAAAAGX191c2VyFwYxOTMwMDEAAAAACmFyYml0\nZXJfaWQXAzJMMQAAAAAKdG91cm5hbWVudAlWNshuAAAAAAlfX3VwZGF0ZWQJVjbDMgAAAAAJX19j\ncmVhdGVkCIICAAAACTJMMV9yb3VuZAoFdXNlcnMAAAAADF9fdXNlcl9yZWFsbQ==\n	1446434435
session:9d4fdab4d8777dd77537b9c3f78708b2cf5e63b5                        	BQoDAAAABQQDAAAAARcGMTkzMDAxAAAAAmlkAAAABl9fdXNlchcGMTkzMDAxAAAACmFyYml0ZXJf\naWQKBXVzZXJzAAAADF9fdXNlcl9yZWFsbQlWOrTMAAAACV9fY3JlYXRlZAlWOrTMAAAACV9fdXBk\nYXRlZA==\n	1446691547
session:5e304fe15e053e022bdc99379d7f725e5d76eabb                        	BQoZAAAAAAcIggIAAAANRkxBMDAxMV9yb3VuZBcHRkxBMDAxMQAAAAAKdG91cm5hbWVudBcGMTkz\nMDAxAAAAAAphcmJpdGVyX2lkBAMAAAABFwYxOTMwMDEAAAACaWQAAAAABl9fdXNlcglWQzBEAAAA\nAAlfX2NyZWF0ZWQKBXVzZXJzAAAAAAxfX3VzZXJfcmVhbG0JVkMxjwAAAAAJX191cGRhdGVk\n	1447247780
session:1667d181c7791e39a306577501c8ff7afa1de64f                        	BQoDAAAABgQDAAAAARcGMTkzMDAxAAAAAmlkAAAABl9fdXNlcgoFdXNlcnMAAAAMX191c2VyX3Jl\nYWxtFwMyTDEAAAAKdG91cm5hbWVudAlWW5szAAAACV9fdXBkYXRlZAlWW5sjAAAACV9fY3JlYXRl\nZBcGMTkzMDAxAAAACmFyYml0ZXJfaWQ=\n	1448847683
session:5e9b994cfbc01d41dce886d5b2dfbce6bb2e67c8                        	BQoZAAAAAAcXBjE5MzAwMQAAAAAKYXJiaXRlcl9pZAQDAAAAARcGMTkzMDAxAAAAAmlkAAAAAAZf\nX3VzZXIIgwIAAAAJMkwxX3JvdW5kFwMyTDEAAAAACnRvdXJuYW1lbnQJVlukeQAAAAAJX19jcmVh\ndGVkCVZbpOkAAAAACV9fdXBkYXRlZAoFdXNlcnMAAAAADF9fdXNlcl9yZWFsbQ==\n	1448850174
session:ee6346204ffc85d7793f8e5273c0eb1e86928e6d                        	BQoZAAAAAAcXBjE5MzAwMQAAAAAKYXJiaXRlcl9pZAlWW7AIAAAAAAlfX2NyZWF0ZWQEAwAAAAEX\nBjE5MzAwMQAAAAJpZAAAAAAGX191c2VyCVZbtNkAAAAACV9fdXBkYXRlZAoFdXNlcnMAAAAADF9f\ndXNlcl9yZWFsbQiDAgAAAAkyTDFfcm91bmQXAzJMMQAAAAAKdG91cm5hbWVudA==\n	1448854254
session:9d09b93d0324543ed0eacc915dcdd5add740b694                        	BQoZAAAAAAcKBXVzZXJzAAAAAAxfX3VzZXJfcmVhbG0JVmKjkAAAAAAJX19jcmVhdGVkCIMCAAAA\nCU1CMV9yb3VuZBcGMTkzMDAxAAAAAAphcmJpdGVyX2lkCVZio+gAAAAACV9fdXBkYXRlZBcDTUIx\nAAAAAAp0b3VybmFtZW50BAMAAAABFwYxOTMwMDEAAAACaWQAAAAABl9fdXNlcg==\n	1449308664
session:4eafc4104959d1712942b46b91459bbd0e5d851d                        	BQoZAAAAAAgIgwIAAAANRkxBMDAwOF9yb3VuZAoFdXNlcnMAAAAADF9fdXNlcl9yZWFsbQlWZ6LZ\nAAAAAAlfX3VwZGF0ZWQXB0ZMQTAwMDgAAAAACnRvdXJuYW1lbnQJVmegIAAAAAAJX19jcmVhdGVk\nBAMAAAABFwYxOTMwMDEAAAACaWQAAAAABl9fdXNlchcGMTkzMDAxAAAAAAphcmJpdGVyX2lkCIMC\nAAAADUZMQTAwMTFfcm91bmQ=\n	1449636078
session:3ca2e5e44889d85377c3e78d8e40f337e4aed7f1                        	BQoZAAAAAAcJVpDkbgAAAAAJX191cGRhdGVkBAMAAAABFwYxOTMwMDEAAAACaWQAAAAABl9fdXNl\ncgiEAgAAAAlNQjFfcm91bmQXA01CMQAAAAAKdG91cm5hbWVudBcGMTkzMDAxAAAAAAphcmJpdGVy\nX2lkCgV1c2VycwAAAAAMX191c2VyX3JlYWxtCVaQ3bAAAAAACV9fY3JlYXRlZA==\n	1452340053
session:68576495fb6f4cacce5c4cc533caa8f93e885eba                        	BQoZAAAAAAcKBXVzZXJzAAAAAAxfX3VzZXJfcmVhbG0JVpHuGAAAAAAJX19jcmVhdGVkFwYxOTMw\nMDEAAAAACmFyYml0ZXJfaWQIhAIAAAANRkxBMDAwOF9yb3VuZAQDAAAAARcGMTkzMDAxAAAAAmlk\nAAAAAAZfX3VzZXIJVpH3AgAAAAAJX191cGRhdGVkFwdGTEEwMDA4AAAAAAp0b3VybmFtZW50\n	1452410130
session:d35fc27a27ca184ff4a6812430d5c8e4a72c870c                        	BQoZAAAAAAcEAwAAAAEXBjE5MzAwMQAAAAJpZAAAAAAGX191c2VyCIQCAAAACTJMMV9yb3VuZBcD\nMkwxAAAAAAp0b3VybmFtZW50CVaJ1/oAAAAACV9fdXBkYXRlZAlWidcCAAAAAAlfX2NyZWF0ZWQK\nBXVzZXJzAAAAAAxfX3VzZXJfcmVhbG0XBjE5MzAwMQAAAAAKYXJiaXRlcl9pZA==\n	1451877903
session:890bd8286582c3fa2467c33c5980e0049e22e913                        	BQoDAAAABQlWjm2iAAAACV9fdXBkYXRlZAQDAAAAARcGMTkzMDAxAAAAAmlkAAAABl9fdXNlcglW\njm2iAAAACV9fY3JlYXRlZAoFdXNlcnMAAAAMX191c2VyX3JlYWxtFwYxOTMwMDEAAAAKYXJiaXRl\ncl9pZA==\n	1452178353
session:322982bc8f1ac2f140a3ec4952361b6d63e13f01                        	BQoZAAAAAAcIgwIAAAAJTUIxX3JvdW5kCgV1c2VycwAAAAAMX191c2VyX3JlYWxtCVZiuwsAAAAA\nCV9fY3JlYXRlZAlWYsGbAAAAAAlfX3VwZGF0ZWQXBjE5MzAwMQAAAAAKYXJiaXRlcl9pZBcDTUIx\nAAAAAAp0b3VybmFtZW50BAMAAAABFwYxOTMwMDEAAAACaWQAAAAABl9fdXNlcg==\n	1449316272
session:6f0ac1c3e2abd316ce797749e93171ab235ab70c                        	BQoZAAAAAAgEAwAAAAEXBjE5MzAwMQAAAAJpZAAAAAAGX191c2VyCIQCAAAACTJMMV9yb3VuZAlW\nicUVAAAAAAlfX3VwZGF0ZWQXB0ZMQTAwMTEAAAAACnRvdXJuYW1lbnQKBXVzZXJzAAAAAAxfX3Vz\nZXJfcmVhbG0XBjE5MzAwMQAAAAAKYXJiaXRlcl9pZAiEAgAAAAlNQjFfcm91bmQJVonC5QAAAAAJ\nX19jcmVhdGVk\n	1451873061
session:35e855454cd2bdb684491b805bb6546430d32c27                        	BQoDAAAABhcDTUIxAAAACnRvdXJuYW1lbnQJVmPcBgAAAAlfX3VwZGF0ZWQJVmPb/AAAAAlfX2Ny\nZWF0ZWQEAwAAAAEXBjE5MzAwMQAAAAJpZAAAAAZfX3VzZXIXBjE5MzAwMQAAAAphcmJpdGVyX2lk\nCgV1c2VycwAAAAxfX3VzZXJfcmVhbG0=\n	1449388566
session:3c290e5a194b0d5742da2968f0827b64d6eb659f                        	BQoZAAAAAAcKBXVzZXJzAAAAAAxfX3VzZXJfcmVhbG0EAwAAAAEXBjE5MzAwMQAAAAJpZAAAAAAG\nX191c2VyCVZpbQAAAAAACV9fdXBkYXRlZAlWaWueAAAAAAlfX2NyZWF0ZWQIgwIAAAANRkxBMDAw\nOF9yb3VuZBcHRkxBMDAwOAAAAAAKdG91cm5hbWVudBcGMTkzMDAxAAAAAAphcmJpdGVyX2lk\n	1449753365
session:766dbc0e7f3bc23e36eea4ab47d1ee7cfca1ec00                        	BQoZAAAAAAcXB0ZMQTAwMTEAAAAACnRvdXJuYW1lbnQXBjE5MzAwMQAAAAAKYXJiaXRlcl9pZAQD\nAAAAARcGMTkzMDAxAAAAAmlkAAAAAAZfX3VzZXIJVmga4wAAAAAJX191cGRhdGVkCIMCAAAADUZM\nQTAwMTFfcm91bmQKBXVzZXJzAAAAAAxfX3VzZXJfcmVhbG0JVmgXLgAAAAAJX19jcmVhdGVk\n	1449666897
session:dbcf9bf8dd821c260a376ba5e4dbc17a7398f935                        	BQoDAAAABhcHRkxBMDAwOAAAAAp0b3VybmFtZW50BAMAAAABFwYxOTMwMDEAAAACaWQAAAAGX191\nc2VyCVaR3Z8AAAAJX19jcmVhdGVkCgV1c2VycwAAAAxfX3VzZXJfcmVhbG0XBjE5MzAwMQAAAAph\ncmJpdGVyX2lkCVaR3a0AAAAJX191cGRhdGVk\n	1452403696
session:765dbc8d4260e40758cadb95869c5c219d67b2ce                        	BQoZAAAAAAcJVpDNjgAAAAAJX191cGRhdGVkFwdGTEEwMDA4AAAAAAp0b3VybmFtZW50CgV1c2Vy\ncwAAAAAMX191c2VyX3JlYWxtCIQCAAAADUZMQTAwMTFfcm91bmQEAwAAAAEXBjE5MzAwMQAAAAJp\nZAAAAAAGX191c2VyFwYxOTMwMDEAAAAACmFyYml0ZXJfaWQJVpDHGwAAAAAJX19jcmVhdGVk\n	1452334061
session:ee06e56c9665d867505016f6dab1df40b5c46467                        	BQoZAAAAAAcKBXVzZXJzAAAAAAxfX3VzZXJfcmVhbG0XBjE5MzAwMQAAAAAKYXJiaXRlcl9pZAlW\nljwNAAAAAAlfX2NyZWF0ZWQIhAIAAAANRkxBMDAxMV9yb3VuZAlWlj5/AAAAAAlfX3VwZGF0ZWQX\nB0ZMQTAwMTEAAAAACnRvdXJuYW1lbnQEAwAAAAEXBjE5MzAwMQAAAAJpZAAAAAAGX191c2Vy\n	1452690580
session:3689d6fcb5f223a21f841943388ee6067fe75efe                        	BQoZAAAAAAcEAwAAAAEXBjE5MzAwMQAAAAJpZAAAAAAGX191c2VyCgV1c2VycwAAAAAMX191c2Vy\nX3JlYWxtFwYxOTMwMDEAAAAACmFyYml0ZXJfaWQJVpePtQAAAAAJX19jcmVhdGVkFwdGTEEwMDA4\nAAAAAAp0b3VybmFtZW50CVaXkeUAAAAACV9fdXBkYXRlZAiEAgAAAA1GTEEwMDA4X3JvdW5k\n	1452777466
\.


--
-- Data for Name: tournament; Type: TABLE DATA; Schema: public; Owner: drbean
--

COPY tournament (id, arbiter) FROM stdin;
FLA0008	193001
\.


--
-- Data for Name: tournaments; Type: TABLE DATA; Schema: public; Owner: drbean
--

COPY tournaments (id, name, description, arbiter, rounds) FROM stdin;
FLA0003	夜應外二甲	觀光英語	193001	18
FLA0024	夜應外大學四甲	新聞英語	193001	18
2L1	BAF022_四技應外二乙	英語會話(一)	193001	\N
MB1	NAF021四技外二甲	英語會話(一)	193001	\N
FLA0011	夜應外三甲	英語會話(三)	193001	\N
FLA0008	夜應外二甲	英語會話(一)	193001	\N
\.


--
-- Name: arbiters_pkey; Type: CONSTRAINT; Schema: public; Owner: drbean; Tablespace: 
--

ALTER TABLE ONLY arbiters
    ADD CONSTRAINT arbiters_pkey PRIMARY KEY (id);


--
-- Name: firstrounds_pkey; Type: CONSTRAINT; Schema: public; Owner: drbean; Tablespace: 
--

ALTER TABLE ONLY firstrounds
    ADD CONSTRAINT firstrounds_pkey PRIMARY KEY (tournament, player);


--
-- Name: floats_pkey; Type: CONSTRAINT; Schema: public; Owner: drbean; Tablespace: 
--

ALTER TABLE ONLY floats
    ADD CONSTRAINT floats_pkey PRIMARY KEY (tournament, player, round);


--
-- Name: leagues_pkey; Type: CONSTRAINT; Schema: public; Owner: drbean; Tablespace: 
--

ALTER TABLE ONLY leagues
    ADD CONSTRAINT leagues_pkey PRIMARY KEY (id);


--
-- Name: matches_pkey; Type: CONSTRAINT; Schema: public; Owner: drbean; Tablespace: 
--

ALTER TABLE ONLY matches
    ADD CONSTRAINT matches_pkey PRIMARY KEY (tournament, round, pair);


--
-- Name: members_pkey; Type: CONSTRAINT; Schema: public; Owner: drbean; Tablespace: 
--

ALTER TABLE ONLY members
    ADD CONSTRAINT members_pkey PRIMARY KEY (tournament, player);


--
-- Name: opponents_pkey; Type: CONSTRAINT; Schema: public; Owner: drbean; Tablespace: 
--

ALTER TABLE ONLY opponents
    ADD CONSTRAINT opponents_pkey PRIMARY KEY (tournament, player, round);


--
-- Name: pairingnumbers_pkey; Type: CONSTRAINT; Schema: public; Owner: drbean; Tablespace: 
--

ALTER TABLE ONLY pairingnumbers
    ADD CONSTRAINT pairingnumbers_pkey PRIMARY KEY (tournament, player);


--
-- Name: players_pkey; Type: CONSTRAINT; Schema: public; Owner: drbean; Tablespace: 
--

ALTER TABLE ONLY players
    ADD CONSTRAINT players_pkey PRIMARY KEY (id);


--
-- Name: ratings_pkey; Type: CONSTRAINT; Schema: public; Owner: drbean; Tablespace: 
--

ALTER TABLE ONLY ratings
    ADD CONSTRAINT ratings_pkey PRIMARY KEY (player, tournament, round);


--
-- Name: roles_pkey; Type: CONSTRAINT; Schema: public; Owner: drbean; Tablespace: 
--

ALTER TABLE ONLY roles
    ADD CONSTRAINT roles_pkey PRIMARY KEY (tournament, player, round);


--
-- Name: round_pkey; Type: CONSTRAINT; Schema: public; Owner: drbean; Tablespace: 
--

ALTER TABLE ONLY round
    ADD CONSTRAINT round_pkey PRIMARY KEY (tournament);


--
-- Name: scores_pkey; Type: CONSTRAINT; Schema: public; Owner: drbean; Tablespace: 
--

ALTER TABLE ONLY scores
    ADD CONSTRAINT scores_pkey PRIMARY KEY (tournament, player);


--
-- Name: sessions_pkey; Type: CONSTRAINT; Schema: public; Owner: drbean; Tablespace: 
--

ALTER TABLE ONLY sessions
    ADD CONSTRAINT sessions_pkey PRIMARY KEY (id);


--
-- Name: tournament_pkey; Type: CONSTRAINT; Schema: public; Owner: drbean; Tablespace: 
--

ALTER TABLE ONLY tournament
    ADD CONSTRAINT tournament_pkey PRIMARY KEY (arbiter);


--
-- Name: tournaments_pkey; Type: CONSTRAINT; Schema: public; Owner: drbean; Tablespace: 
--

ALTER TABLE ONLY tournaments
    ADD CONSTRAINT tournaments_pkey PRIMARY KEY (id);


--
-- Name: firstrounds_idx_player; Type: INDEX; Schema: public; Owner: drbean; Tablespace: 
--

CREATE INDEX firstrounds_idx_player ON firstrounds USING btree (player);


--
-- Name: floats_idx_player; Type: INDEX; Schema: public; Owner: drbean; Tablespace: 
--

CREATE INDEX floats_idx_player ON floats USING btree (player);


--
-- Name: floats_idx_tournament; Type: INDEX; Schema: public; Owner: drbean; Tablespace: 
--

CREATE INDEX floats_idx_tournament ON floats USING btree (tournament);


--
-- Name: members_idx_player; Type: INDEX; Schema: public; Owner: drbean; Tablespace: 
--

CREATE INDEX members_idx_player ON members USING btree (player);


--
-- Name: members_idx_tournament; Type: INDEX; Schema: public; Owner: drbean; Tablespace: 
--

CREATE INDEX members_idx_tournament ON members USING btree (tournament);


--
-- Name: opponents_idx_opponent; Type: INDEX; Schema: public; Owner: drbean; Tablespace: 
--

CREATE INDEX opponents_idx_opponent ON opponents USING btree (opponent);


--
-- Name: opponents_idx_player; Type: INDEX; Schema: public; Owner: drbean; Tablespace: 
--

CREATE INDEX opponents_idx_player ON opponents USING btree (player);


--
-- Name: opponents_idx_tournament; Type: INDEX; Schema: public; Owner: drbean; Tablespace: 
--

CREATE INDEX opponents_idx_tournament ON opponents USING btree (tournament);


--
-- Name: pairingnumbers_idx_player; Type: INDEX; Schema: public; Owner: drbean; Tablespace: 
--

CREATE INDEX pairingnumbers_idx_player ON pairingnumbers USING btree (player);


--
-- Name: pairingnumbers_idx_tournament; Type: INDEX; Schema: public; Owner: drbean; Tablespace: 
--

CREATE INDEX pairingnumbers_idx_tournament ON pairingnumbers USING btree (tournament);


--
-- Name: ratings_idx_player; Type: INDEX; Schema: public; Owner: drbean; Tablespace: 
--

CREATE INDEX ratings_idx_player ON ratings USING btree (player);


--
-- Name: ratings_idx_tournament; Type: INDEX; Schema: public; Owner: drbean; Tablespace: 
--

CREATE INDEX ratings_idx_tournament ON ratings USING btree (tournament);


--
-- Name: roles_idx_player; Type: INDEX; Schema: public; Owner: drbean; Tablespace: 
--

CREATE INDEX roles_idx_player ON roles USING btree (player);


--
-- Name: roles_idx_tournament; Type: INDEX; Schema: public; Owner: drbean; Tablespace: 
--

CREATE INDEX roles_idx_tournament ON roles USING btree (tournament);


--
-- Name: scores_idx_player; Type: INDEX; Schema: public; Owner: drbean; Tablespace: 
--

CREATE INDEX scores_idx_player ON scores USING btree (player);


--
-- Name: scores_idx_tournament; Type: INDEX; Schema: public; Owner: drbean; Tablespace: 
--

CREATE INDEX scores_idx_tournament ON scores USING btree (tournament);


--
-- Name: tournament_idx_id; Type: INDEX; Schema: public; Owner: drbean; Tablespace: 
--

CREATE INDEX tournament_idx_id ON tournament USING btree (id);


--
-- Name: firstrounds_fk_player; Type: FK CONSTRAINT; Schema: public; Owner: drbean
--

ALTER TABLE ONLY firstrounds
    ADD CONSTRAINT firstrounds_fk_player FOREIGN KEY (player) REFERENCES players(id) DEFERRABLE;


--
-- Name: firstrounds_fk_tournament_player; Type: FK CONSTRAINT; Schema: public; Owner: drbean
--

ALTER TABLE ONLY firstrounds
    ADD CONSTRAINT firstrounds_fk_tournament_player FOREIGN KEY (tournament, player) REFERENCES members(tournament, player) DEFERRABLE;


--
-- Name: floats_fk_player; Type: FK CONSTRAINT; Schema: public; Owner: drbean
--

ALTER TABLE ONLY floats
    ADD CONSTRAINT floats_fk_player FOREIGN KEY (player) REFERENCES players(id) DEFERRABLE;


--
-- Name: floats_fk_tournament; Type: FK CONSTRAINT; Schema: public; Owner: drbean
--

ALTER TABLE ONLY floats
    ADD CONSTRAINT floats_fk_tournament FOREIGN KEY (tournament) REFERENCES tournaments(id) DEFERRABLE;


--
-- Name: members_fk_player; Type: FK CONSTRAINT; Schema: public; Owner: drbean
--

ALTER TABLE ONLY members
    ADD CONSTRAINT members_fk_player FOREIGN KEY (player) REFERENCES players(id) ON UPDATE CASCADE ON DELETE CASCADE DEFERRABLE;


--
-- Name: members_fk_tournament; Type: FK CONSTRAINT; Schema: public; Owner: drbean
--

ALTER TABLE ONLY members
    ADD CONSTRAINT members_fk_tournament FOREIGN KEY (tournament) REFERENCES tournaments(id) ON UPDATE CASCADE ON DELETE CASCADE DEFERRABLE;


--
-- Name: opponents_fk_opponent; Type: FK CONSTRAINT; Schema: public; Owner: drbean
--

ALTER TABLE ONLY opponents
    ADD CONSTRAINT opponents_fk_opponent FOREIGN KEY (opponent) REFERENCES players(id) DEFERRABLE;


--
-- Name: opponents_fk_player; Type: FK CONSTRAINT; Schema: public; Owner: drbean
--

ALTER TABLE ONLY opponents
    ADD CONSTRAINT opponents_fk_player FOREIGN KEY (player) REFERENCES players(id) ON UPDATE CASCADE ON DELETE CASCADE DEFERRABLE;


--
-- Name: opponents_fk_tournament; Type: FK CONSTRAINT; Schema: public; Owner: drbean
--

ALTER TABLE ONLY opponents
    ADD CONSTRAINT opponents_fk_tournament FOREIGN KEY (tournament) REFERENCES tournaments(id) ON UPDATE CASCADE ON DELETE CASCADE DEFERRABLE;


--
-- Name: pairingnumbers_fk_player; Type: FK CONSTRAINT; Schema: public; Owner: drbean
--

ALTER TABLE ONLY pairingnumbers
    ADD CONSTRAINT pairingnumbers_fk_player FOREIGN KEY (player) REFERENCES players(id) DEFERRABLE;


--
-- Name: pairingnumbers_fk_tournament; Type: FK CONSTRAINT; Schema: public; Owner: drbean
--

ALTER TABLE ONLY pairingnumbers
    ADD CONSTRAINT pairingnumbers_fk_tournament FOREIGN KEY (tournament) REFERENCES tournaments(id) DEFERRABLE;


--
-- Name: ratings_fk_player; Type: FK CONSTRAINT; Schema: public; Owner: drbean
--

ALTER TABLE ONLY ratings
    ADD CONSTRAINT ratings_fk_player FOREIGN KEY (player) REFERENCES players(id) ON UPDATE CASCADE ON DELETE CASCADE DEFERRABLE;


--
-- Name: ratings_fk_tournament; Type: FK CONSTRAINT; Schema: public; Owner: drbean
--

ALTER TABLE ONLY ratings
    ADD CONSTRAINT ratings_fk_tournament FOREIGN KEY (tournament) REFERENCES tournaments(id) ON UPDATE CASCADE ON DELETE CASCADE DEFERRABLE;


--
-- Name: roles_fk_player; Type: FK CONSTRAINT; Schema: public; Owner: drbean
--

ALTER TABLE ONLY roles
    ADD CONSTRAINT roles_fk_player FOREIGN KEY (player) REFERENCES players(id) ON UPDATE CASCADE ON DELETE CASCADE DEFERRABLE;


--
-- Name: roles_fk_tournament; Type: FK CONSTRAINT; Schema: public; Owner: drbean
--

ALTER TABLE ONLY roles
    ADD CONSTRAINT roles_fk_tournament FOREIGN KEY (tournament) REFERENCES tournaments(id) ON UPDATE CASCADE ON DELETE CASCADE DEFERRABLE;


--
-- Name: round_fk_tournament; Type: FK CONSTRAINT; Schema: public; Owner: drbean
--

ALTER TABLE ONLY round
    ADD CONSTRAINT round_fk_tournament FOREIGN KEY (tournament) REFERENCES tournaments(id) ON DELETE CASCADE DEFERRABLE;


--
-- Name: scores_fk_player; Type: FK CONSTRAINT; Schema: public; Owner: drbean
--

ALTER TABLE ONLY scores
    ADD CONSTRAINT scores_fk_player FOREIGN KEY (player) REFERENCES players(id) ON UPDATE CASCADE ON DELETE CASCADE DEFERRABLE;


--
-- Name: scores_fk_tournament; Type: FK CONSTRAINT; Schema: public; Owner: drbean
--

ALTER TABLE ONLY scores
    ADD CONSTRAINT scores_fk_tournament FOREIGN KEY (tournament) REFERENCES tournaments(id) ON UPDATE CASCADE ON DELETE CASCADE DEFERRABLE;


--
-- Name: tournament_fk_id; Type: FK CONSTRAINT; Schema: public; Owner: drbean
--

ALTER TABLE ONLY tournament
    ADD CONSTRAINT tournament_fk_id FOREIGN KEY (id) REFERENCES tournaments(id) DEFERRABLE;


--
-- Name: public; Type: ACL; Schema: -; Owner: postgres
--

REVOKE ALL ON SCHEMA public FROM PUBLIC;
REVOKE ALL ON SCHEMA public FROM postgres;
GRANT ALL ON SCHEMA public TO postgres;
GRANT ALL ON SCHEMA public TO PUBLIC;


--
-- Name: arbiters; Type: ACL; Schema: public; Owner: drbean
--

REVOKE ALL ON TABLE arbiters FROM PUBLIC;
REVOKE ALL ON TABLE arbiters FROM drbean;
GRANT ALL ON TABLE arbiters TO drbean;
GRANT SELECT ON TABLE arbiters TO apache;


--
-- Name: floats; Type: ACL; Schema: public; Owner: drbean
--

REVOKE ALL ON TABLE floats FROM PUBLIC;
REVOKE ALL ON TABLE floats FROM drbean;
GRANT ALL ON TABLE floats TO drbean;
GRANT SELECT ON TABLE floats TO apache;


--
-- Name: matches; Type: ACL; Schema: public; Owner: drbean
--

REVOKE ALL ON TABLE matches FROM PUBLIC;
REVOKE ALL ON TABLE matches FROM drbean;
GRANT ALL ON TABLE matches TO drbean;
GRANT SELECT,INSERT ON TABLE matches TO apache;


--
-- Name: members; Type: ACL; Schema: public; Owner: drbean
--

REVOKE ALL ON TABLE members FROM PUBLIC;
REVOKE ALL ON TABLE members FROM drbean;
GRANT ALL ON TABLE members TO drbean;
GRANT SELECT,UPDATE ON TABLE members TO apache;


--
-- Name: opponents; Type: ACL; Schema: public; Owner: drbean
--

REVOKE ALL ON TABLE opponents FROM PUBLIC;
REVOKE ALL ON TABLE opponents FROM drbean;
GRANT ALL ON TABLE opponents TO drbean;
GRANT SELECT ON TABLE opponents TO apache;


--
-- Name: pairingnumbers; Type: ACL; Schema: public; Owner: drbean
--

REVOKE ALL ON TABLE pairingnumbers FROM PUBLIC;
REVOKE ALL ON TABLE pairingnumbers FROM drbean;
GRANT ALL ON TABLE pairingnumbers TO drbean;
GRANT SELECT,INSERT,UPDATE ON TABLE pairingnumbers TO apache;


--
-- Name: players; Type: ACL; Schema: public; Owner: drbean
--

REVOKE ALL ON TABLE players FROM PUBLIC;
REVOKE ALL ON TABLE players FROM drbean;
GRANT ALL ON TABLE players TO drbean;
GRANT SELECT ON TABLE players TO apache;


--
-- Name: ratings; Type: ACL; Schema: public; Owner: drbean
--

REVOKE ALL ON TABLE ratings FROM PUBLIC;
REVOKE ALL ON TABLE ratings FROM drbean;
GRANT ALL ON TABLE ratings TO drbean;
GRANT SELECT ON TABLE ratings TO apache;


--
-- Name: roles; Type: ACL; Schema: public; Owner: drbean
--

REVOKE ALL ON TABLE roles FROM PUBLIC;
REVOKE ALL ON TABLE roles FROM drbean;
GRANT ALL ON TABLE roles TO drbean;
GRANT SELECT ON TABLE roles TO apache;


--
-- Name: round; Type: ACL; Schema: public; Owner: drbean
--

REVOKE ALL ON TABLE round FROM PUBLIC;
REVOKE ALL ON TABLE round FROM drbean;
GRANT ALL ON TABLE round TO drbean;
GRANT SELECT,UPDATE ON TABLE round TO apache;


--
-- Name: scores; Type: ACL; Schema: public; Owner: drbean
--

REVOKE ALL ON TABLE scores FROM PUBLIC;
REVOKE ALL ON TABLE scores FROM drbean;
GRANT ALL ON TABLE scores TO drbean;
GRANT SELECT ON TABLE scores TO apache;


--
-- Name: sessions; Type: ACL; Schema: public; Owner: drbean
--

REVOKE ALL ON TABLE sessions FROM PUBLIC;
REVOKE ALL ON TABLE sessions FROM drbean;
GRANT ALL ON TABLE sessions TO drbean;
GRANT SELECT,INSERT,DELETE,UPDATE ON TABLE sessions TO apache;


--
-- Name: tournament; Type: ACL; Schema: public; Owner: drbean
--

REVOKE ALL ON TABLE tournament FROM PUBLIC;
REVOKE ALL ON TABLE tournament FROM drbean;
GRANT ALL ON TABLE tournament TO drbean;
GRANT SELECT,INSERT,UPDATE ON TABLE tournament TO apache;


--
-- Name: tournaments; Type: ACL; Schema: public; Owner: drbean
--

REVOKE ALL ON TABLE tournaments FROM PUBLIC;
REVOKE ALL ON TABLE tournaments FROM drbean;
GRANT ALL ON TABLE tournaments TO drbean;
GRANT SELECT,UPDATE ON TABLE tournaments TO apache;


--
-- PostgreSQL database dump complete
--

